Rk,Player,Pos,Age,Tm,G,GS,MP,FG,FGA,FG%,3P,3PA,3P%,2P,2PA,2P%,eFG%,FT,FTA,FT%,ORB,DRB,TRB,AST,STL,BLK,TOV,PF,PTS,Player-additional,Team_PTS,Team_AST,Tean_TRB,Team_TOV,Team_STL
40,Saddiq Bey,SF,24,ATL,21,9,629,99,201,0.493,40,100,0.4,59,101,0.584,0.592,34,42,0.81,46,80,126,25,22,3,25,33,272,beysa01,2567,527,944,299,185
46,Bogdan Bogdanovi?,SG,31,ATL,21,2,571,123,272,0.452,65,169,0.385,58,103,0.563,0.572,28,30,0.933,8,64,72,47,29,7,27,53,339,bogdabo01,2567,527,944,299,185
70,Kobe Bufkin,SG,20,ATL,2,0,4,0,3,0,0,1,0,0,2,0,0,1,2,0.5,1,1,2,0,0,0,0,0,1,bufkiko01,2567,527,944,299,185
78,Clint Capela,C,29,ATL,21,21,524,97,171,0.567,0,0,,97,171,0.567,0.567,32,52,0.615,101,119,220,23,14,35,19,53,226,capelca01,2567,527,944,299,185
127,Bruno Fernando,C,25,ATL,5,0,16,3,9,0.333,0,1,0,3,8,0.375,0.333,1,1,1,3,1,4,0,0,0,4,3,7,fernabr01,2567,527,944,299,185
132,Trent Forrest,SG,25,ATL,5,0,43,3,9,0.333,0,0,,3,9,0.333,0.333,4,4,1,2,0,2,8,0,0,2,4,10,forretr01,2567,527,944,299,185
162,AJ Griffin,SF,20,ATL,11,0,101,10,33,0.303,8,24,0.333,2,9,0.222,0.424,2,2,1,2,8,10,3,1,0,4,5,30,griffaj01,2567,527,944,299,185
164,Mouhamed Gueye,PF,21,ATL,2,0,4,0,1,0,0,1,0,0,0,,0,0,0,,0,0,0,0,1,0,0,1,0,gueyemo02,2567,527,944,299,185
203,De'Andre Hunter,SF,26,ATL,21,21,643,105,233,0.451,38,102,0.373,67,131,0.511,0.532,62,69,0.899,14,75,89,28,18,7,33,65,310,huntede01,2567,527,944,299,185
222,Jalen Johnson,SF,22,ATL,15,12,449,85,143,0.594,17,40,0.425,68,103,0.66,0.654,25,33,0.758,20,89,109,36,17,15,30,33,212,johnsja05,2567,527,944,299,185
278,Garrison Mathews,SG,27,ATL,9,0,57,4,12,0.333,4,12,0.333,0,0,,0.5,0,0,,2,7,9,1,2,0,2,7,12,mathega01,2567,527,944,299,185
280,Wesley Matthews,SG,37,ATL,11,0,116,6,21,0.286,5,18,0.278,1,3,0.333,0.405,11,15,0.733,2,9,11,7,4,1,2,14,28,matthwe02,2567,527,944,299,185
301,Patty Mills,PG,35,ATL,2,0,22,2,6,0.333,2,4,0.5,0,2,0,0.5,0,0,,0,2,2,2,1,1,1,2,6,millspa02,2567,527,944,299,185
315,Dejounte Murray,SG,27,ATL,21,21,717,159,352,0.452,47,122,0.385,112,230,0.487,0.518,55,63,0.873,14,78,92,115,36,5,49,30,420,murrade01,2567,527,944,299,185
334,Onyeka Okongwu,C,23,ATL,21,0,484,65,119,0.546,5,25,0.2,60,94,0.638,0.567,42,50,0.84,54,89,143,31,11,17,16,61,177,okongon01,2567,527,944,299,185
491,Trae Young,PG,25,ATL,19,19,686,157,381,0.412,58,165,0.352,99,216,0.458,0.488,145,167,0.868,13,40,53,201,29,2,73,29,517,youngtr01,2567,527,944,299,185
25,Dalano Banton,PG,24,BOS,11,1,91,13,27,0.481,1,7,0.143,12,20,0.6,0.5,5,6,0.833,10,15,25,5,2,2,5,12,32,bantoda01,2463,523,984,291,138
58,Oshae Brissett,SF,25,BOS,9,0,90,3,17,0.176,1,9,0.111,2,8,0.25,0.206,7,12,0.583,8,13,21,3,4,0,2,9,14,brissos01,2463,523,984,291,138
64,Jaylen Brown,SF,27,BOS,20,20,679,170,368,0.462,47,138,0.341,123,230,0.535,0.526,52,74,0.703,12,86,98,65,24,14,49,61,439,brownja02,2463,523,984,291,138
178,Sam Hauser,SF,26,BOS,21,2,479,68,148,0.459,57,131,0.435,11,17,0.647,0.652,8,10,0.8,19,56,75,18,10,8,12,32,201,hausesa01,2463,523,984,291,138
191,Jrue Holiday,PG,33,BOS,19,19,660,90,208,0.433,32,86,0.372,58,122,0.475,0.51,24,29,0.828,32,103,135,96,14,17,40,31,236,holidjr01,2463,523,984,291,138
196,Al Horford,C,37,BOS,19,8,505,56,114,0.491,26,71,0.366,30,43,0.698,0.605,8,8,1,31,98,129,53,9,19,20,34,146,horfoal01,2463,523,984,291,138
243,Luke Kornet,C,28,BOS,16,0,211,31,40,0.775,0,0,,31,40,0.775,0.775,8,10,0.8,22,30,52,10,8,13,6,19,70,kornelu01,2463,523,984,291,138
320,Svi Mykhailiuk,SF,26,BOS,8,0,59,6,17,0.353,4,14,0.286,2,3,0.667,0.471,0,0,,1,4,5,1,3,0,4,4,16,mykhasv01,2463,523,984,291,138
355,Kristaps Porzi??is,C,28,BOS,16,16,483,105,192,0.547,27,80,0.338,78,112,0.696,0.617,68,84,0.81,23,80,103,29,12,25,21,53,305,porzikr01,2463,523,984,291,138
359,Payton Pritchard,PG,26,BOS,21,0,429,47,124,0.379,25,79,0.316,22,45,0.489,0.48,10,13,0.769,20,46,66,60,7,0,11,22,129,pritcpa01,2463,523,984,291,138
361,Neemias Queta,C,24,BOS,3,0,31,4,10,0.4,0,0,,4,10,0.4,0.4,4,5,0.8,8,9,17,0,1,0,2,2,12,quetane01,2463,523,984,291,138
416,Lamar Stevens,PF,26,BOS,6,0,20,4,7,0.571,1,1,1,3,6,0.5,0.643,0,0,,4,2,6,2,1,1,3,4,9,stevela01,2463,523,984,291,138
423,Jayson Tatum,PF,25,BOS,21,21,770,202,407,0.496,64,180,0.356,138,227,0.608,0.575,109,138,0.79,14,169,183,88,23,7,67,47,577,tatumja01,2463,523,984,291,138
469,Derrick White,SG,29,BOS,18,18,583,89,186,0.478,43,105,0.41,46,81,0.568,0.594,56,64,0.875,13,56,69,93,20,16,33,44,277,whitede01,2463,523,984,291,138
56,Mikal Bridges,SF,27,BRK,21,21,731,178,361,0.493,45,119,0.378,133,242,0.55,0.555,86,100,0.86,23,104,127,83,21,12,51,36,487,bridgmi01,2455,546,1015,279,129
60,Armoni Brooks,PG,25,BRK,5,0,45,6,17,0.353,5,13,0.385,1,4,0.25,0.5,0,0,,2,8,10,0,0,0,1,1,17,brookar01,2455,546,1015,279,129
88,Nic Claxton,C,24,BRK,12,12,326,64,97,0.66,0,0,,64,97,0.66,0.66,16,28,0.571,41,71,112,19,7,29,9,29,144,claxtni01,2455,546,1015,279,129
89,Noah Clowney,PF,19,BRK,1,0,3,0,0,,0,0,,0,0,,,0,0,,0,1,1,0,0,0,0,0,0,clownno01,2455,546,1015,279,129
110,Spencer Dinwiddie,PG,30,BRK,20,20,627,94,237,0.397,44,130,0.338,50,107,0.467,0.489,60,75,0.8,10,67,77,126,16,3,34,32,292,dinwisp01,2455,546,1015,279,129
128,Dorian Finney-Smith,PF,30,BRK,20,17,622,82,174,0.471,53,118,0.449,29,56,0.518,0.624,4,6,0.667,41,66,107,26,11,13,18,45,221,finnedo01,2455,546,1015,279,129
145,Harry Giles,C,25,BRK,3,0,17,9,12,0.75,1,3,0.333,8,9,0.889,0.792,1,3,0.333,2,2,4,0,0,1,1,2,20,gilesha01,2455,546,1015,279,129
221,Cameron Johnson,PF,27,BRK,14,14,406,76,166,0.458,33,88,0.375,43,78,0.551,0.557,20,24,0.833,27,55,82,38,11,1,18,26,205,johnsca02,2455,546,1015,279,129
300,Dariq Whitehead,SF,19,BRK,1,0,3,0,0,,0,0,,0,0,,,1,2,0.5,0,0,0,0,0,1,0,0,1,whiteda01,2455,546,1015,279,129
331,Royce O'Neale,SF,30,BRK,20,5,581,56,147,0.381,49,124,0.395,7,23,0.304,0.548,5,10,0.5,15,94,109,69,16,17,18,59,166,onealro01,2455,546,1015,279,129
399,Day'Ron Sharpe,C,22,BRK,21,0,337,59,104,0.567,0,4,0,59,100,0.59,0.567,29,47,0.617,52,91,143,19,8,16,24,48,147,sharpda01,2455,546,1015,279,129
403,Ben Simmons,PG,27,BRK,6,6,191,19,36,0.528,0,0,,19,36,0.528,0.528,1,4,0.25,16,49,65,40,3,5,15,16,39,simmobe01,2455,546,1015,279,129
408,Dennis Smith Jr.,PG,26,BRK,13,0,229,34,80,0.425,7,22,0.318,27,58,0.466,0.469,12,14,0.857,11,28,39,45,11,3,12,28,87,smithde03,2455,546,1015,279,129
428,Cam Thomas,SG,22,BRK,12,10,378,107,238,0.45,25,73,0.342,82,165,0.497,0.502,45,54,0.833,2,40,42,28,8,7,20,24,284,thomaca02,2455,546,1015,279,129
457,Lonnie Walker IV,SG,25,BRK,17,0,362,88,180,0.489,44,95,0.463,44,85,0.518,0.611,29,38,0.763,3,42,45,28,10,7,25,16,249,walkelo01,2455,546,1015,279,129
463,Trendon Watford,PF,23,BRK,14,0,203,39,75,0.52,5,14,0.357,34,61,0.557,0.553,13,14,0.929,16,35,51,25,7,3,16,30,96,watfotr01,2455,546,1015,279,129
485,Jalen Wilson,PF,23,BRK,2,0,7,0,1,0,0,0,,0,1,0,0,0,0,,0,1,1,0,0,1,0,0,0,wilsoja03,2455,546,1015,279,129
42,Onuralp Bitim,SG,24,CHI,1,0,3,0,0,,0,0,,0,0,,,0,0,,0,0,0,0,0,0,0,0,0,bitimon01,2493,531,979,283,193
79,Jevon Carter,PG,28,CHI,23,0,325,46,119,0.387,26,73,0.356,20,46,0.435,0.496,0,1,0,2,10,12,29,12,6,15,26,118,carteje01,2493,531,979,283,193
81,Alex Caruso,SG,29,CHI,20,9,470,67,125,0.536,32,69,0.464,35,56,0.625,0.664,24,31,0.774,25,43,68,46,26,16,27,45,190,carusal01,2493,531,979,283,193
97,Torrey Craig,SF,33,CHI,23,7,488,49,112,0.438,24,61,0.393,25,51,0.49,0.545,13,15,0.867,44,71,115,26,15,9,14,55,135,craigto01,2493,531,979,283,193
106,DeMar DeRozan,SF,34,CHI,21,21,748,160,362,0.442,19,53,0.358,141,309,0.456,0.468,118,147,0.803,18,57,75,106,21,16,27,43,457,derozde01,2493,531,979,283,193
114,Ayo Dosunmu,SG,24,CHI,21,1,382,52,106,0.491,17,48,0.354,35,58,0.603,0.571,14,18,0.778,9,27,36,37,15,2,17,33,135,dosunay01,2493,531,979,283,193
115,Andre Drummond,C,30,CHI,23,0,303,54,106,0.509,0,1,0,54,105,0.514,0.509,28,50,0.56,65,88,153,14,22,7,25,39,136,drumman01,2493,531,979,283,193
248,Zach LaVine,SG,28,CHI,18,18,635,132,298,0.443,43,128,0.336,89,170,0.524,0.515,71,82,0.866,6,82,88,61,17,4,36,37,378,lavinza01,2493,531,979,283,193
344,Julian Phillips,SF,20,CHI,12,0,59,5,16,0.313,0,7,0,5,9,0.556,0.313,1,4,0.25,2,7,9,5,1,0,1,8,11,phillju01,2493,531,979,283,193
424,Terry Taylor,PF,24,CHI,5,0,12,1,1,1,0,0,,1,1,1,1,0,0,,0,1,1,0,1,0,0,0,2,taylote01,2493,531,979,283,193
426,Dalen Terry,SG,21,CHI,7,0,26,3,9,0.333,1,4,0.25,2,5,0.4,0.389,0,2,0,2,8,10,4,0,1,1,2,7,terryda01,2493,531,979,283,193
450,Nikola Vu?evi?,C,33,CHI,23,23,790,157,348,0.451,20,79,0.253,137,269,0.509,0.48,35,41,0.854,68,169,237,73,19,16,40,63,369,vucevni01,2493,531,979,283,193
468,Coby White,PG,23,CHI,23,23,774,126,291,0.433,68,163,0.417,58,128,0.453,0.55,38,45,0.844,8,71,79,100,20,6,43,63,358,whiteco01,2493,531,979,283,193
480,Patrick Williams,PF,22,CHI,23,13,581,73,169,0.432,24,71,0.338,49,98,0.5,0.503,27,38,0.711,26,70,96,30,24,22,27,37,197,willipa01,2493,531,979,283,193
19,Amari Bailey,PG,19,CHO,1,0,3,1,3,0.333,0,0,,1,3,0.333,0.333,0,0,,2,0,2,0,0,0,0,0,2,baileam01,2268,516,866,283,141
21,LaMelo Ball,PG,22,CHO,15,15,501,132,298,0.443,52,134,0.388,80,164,0.488,0.53,54,63,0.857,23,59,82,123,21,4,59,52,370,ballla01,2268,516,866,283,141
45,Leaky Black,SF,24,CHO,4,0,17,2,5,0.4,1,2,0.5,1,3,0.333,0.5,0,0,,0,2,2,1,1,2,0,1,5,blackle01,2268,516,866,283,141
52,James Bouknight,SG,23,CHO,1,0,5,2,3,0.667,1,2,0.5,1,1,1,0.833,0,0,,1,0,1,0,0,0,0,0,5,bouknja01,2268,516,866,283,141
57,Miles Bridges,SF,25,CHO,10,8,368,74,148,0.5,21,50,0.42,53,98,0.541,0.571,33,39,0.846,9,63,72,27,15,3,15,20,202,bridgmi02,2268,516,866,283,141
182,Gordon Hayward,SF,33,CHO,19,19,619,111,243,0.457,18,49,0.367,93,194,0.479,0.494,49,64,0.766,23,71,94,86,24,9,39,34,289,haywago01,2268,516,866,283,141
269,Théo Maledon,PG,22,CHO,13,1,200,19,66,0.288,5,30,0.167,14,36,0.389,0.326,11,12,0.917,4,19,23,28,7,0,15,18,54,maledth01,2268,516,866,283,141
290,Bryce McGowens,SG,21,CHO,15,1,227,22,47,0.468,14,30,0.467,8,17,0.471,0.617,8,10,0.8,4,22,26,13,6,2,8,21,66,mcgowbr01,2268,516,866,283,141
297,Brandon Miller,SF,21,CHO,18,12,571,99,221,0.448,34,84,0.405,65,137,0.474,0.525,30,37,0.811,20,56,76,39,11,11,26,52,262,millebr02,2268,516,866,283,141
371,Nick Richards,C,26,CHO,14,1,255,41,56,0.732,0,0,,41,56,0.732,0.732,36,44,0.818,26,61,87,5,6,17,16,38,118,richani01,2268,516,866,283,141
381,Terry Rozier,SG,29,CHO,11,11,404,94,205,0.459,23,70,0.329,71,135,0.526,0.515,38,45,0.844,6,34,40,79,10,5,27,22,249,roziete01,2268,516,866,283,141
410,Ish Smith,PG,35,CHO,14,0,219,21,35,0.6,1,2,0.5,20,33,0.606,0.614,0,0,,4,20,24,35,5,1,18,15,43,smithis01,2268,516,866,283,141
413,Nick Smith Jr.,SG,19,CHO,8,0,57,12,25,0.48,8,12,0.667,4,13,0.308,0.64,0,0,,2,3,5,2,1,2,2,5,32,smithni01,2268,516,866,283,141
433,JT Thor,PF,21,CHO,17,1,280,26,62,0.419,12,33,0.364,14,29,0.483,0.516,0,4,0,14,35,49,10,4,5,4,21,64,thorjt01,2268,516,866,283,141
459,P.J. Washington,PF,25,CHO,19,12,590,101,234,0.432,38,116,0.328,63,118,0.534,0.513,25,35,0.714,22,77,99,46,14,18,29,55,265,washipj01,2268,516,866,283,141
479,Mark Williams,C,22,CHO,19,19,508,98,151,0.649,0,0,,98,151,0.649,0.649,46,64,0.719,76,108,184,22,16,20,17,50,242,willima07,2268,516,866,283,141
7,Jarrett Allen,C,25,CLE,17,17,485,90,134,0.672,0,0,,90,134,0.672,0.672,41,57,0.719,52,89,141,38,10,17,30,47,221,allenja01,2448,559,981,321,176
31,Emoni Bates,SF,20,CLE,7,0,52,4,15,0.267,3,12,0.25,1,3,0.333,0.367,1,2,0.5,1,8,9,2,1,1,1,2,12,batesem01,2448,559,981,321,176
139,Darius Garland,PG,24,CLE,17,17,567,121,256,0.473,26,80,0.325,95,176,0.54,0.523,65,79,0.823,10,35,45,103,27,4,66,28,333,garlada01,2448,559,981,321,176
219,Ty Jerome,SG,26,CLE,2,0,15,2,4,0.5,0,1,0,2,3,0.667,0.5,0,0,,1,0,1,3,0,0,1,2,4,jeromty01,2448,559,981,321,176
227,Damian Jones,C,28,CLE,11,0,54,4,8,0.5,0,0,,4,8,0.5,0.5,1,2,0.5,4,7,11,3,1,2,4,4,9,jonesda03,2448,559,981,321,176
253,Caris LeVert,SG,29,CLE,16,1,486,87,213,0.408,27,87,0.31,60,126,0.476,0.472,37,50,0.74,7,52,59,57,16,6,22,29,238,leverca01,2448,559,981,321,176
293,Sam Merrill,SG,27,CLE,11,0,85,11,30,0.367,11,27,0.407,0,3,0,0.55,0,0,,3,6,9,7,2,0,2,8,33,merrisa01,2448,559,981,321,176
306,Donovan Mitchell,SG,27,CLE,17,17,605,162,356,0.455,51,143,0.357,111,213,0.521,0.527,94,108,0.87,19,81,100,90,33,7,47,33,469,mitchdo01,2448,559,981,321,176
307,Evan Mobley,PF,22,CLE,21,21,705,142,248,0.573,2,10,0.2,140,238,0.588,0.577,50,65,0.769,56,164,220,61,17,35,48,60,336,mobleev01,2448,559,981,321,176
308,Isaiah Mobley,PF,24,CLE,2,0,10,1,3,0.333,0,1,0,1,2,0.5,0.333,0,0,,0,2,2,3,1,0,1,2,2,mobleis01,2448,559,981,321,176
324,Georges Niang,PF,30,CLE,22,1,494,71,166,0.428,36,98,0.367,35,68,0.515,0.536,12,13,0.923,8,79,87,29,7,2,15,51,190,niangge01,2448,559,981,321,176
335,Isaac Okoro,SF,23,CLE,13,5,318,35,72,0.486,9,25,0.36,26,47,0.553,0.549,12,17,0.706,14,28,42,20,14,7,10,31,91,okorois01,2448,559,981,321,176
351,Craig Porter Jr.,PG,23,CLE,14,1,200,40,73,0.548,3,7,0.429,37,66,0.561,0.568,18,26,0.692,3,23,26,34,9,6,14,15,101,portecr01,2448,559,981,321,176
419,Max Strus,SF,27,CLE,22,22,770,114,266,0.429,64,172,0.372,50,94,0.532,0.549,23,28,0.821,17,105,122,87,22,13,33,62,315,strusma01,2448,559,981,321,176
432,Tristan Thompson,PF,32,CLE,17,0,154,17,25,0.68,0,0,,17,25,0.68,0.68,7,17,0.412,19,24,43,11,2,6,8,14,41,thomptr01,2448,559,981,321,176
451,Dean Wade,PF,27,CLE,15,8,303,18,51,0.353,15,47,0.319,3,4,0.75,0.5,2,4,0.5,16,48,64,11,14,3,6,32,53,wadede01,2448,559,981,321,176
100,Seth Curry,SG,33,DAL,17,1,198,28,70,0.4,15,39,0.385,13,31,0.419,0.507,7,8,0.875,8,16,24,16,10,2,5,13,78,curryse01,2518,540,895,246,132
105,Dexter Dennis,SG,24,DAL,2,0,7,2,6,0.333,0,3,0,2,3,0.667,0.333,0,1,0,1,1,2,0,0,0,0,0,4,dennide01,2518,540,895,246,132
112,Luka Don?i?,PG,24,DAL,20,20,718,219,449,0.488,78,204,0.382,141,245,0.576,0.575,121,158,0.766,14,153,167,173,26,10,78,36,637,doncilu01,2518,540,895,246,132
126,Dante Exum,PG,28,DAL,18,2,229,43,87,0.494,7,24,0.292,36,63,0.571,0.534,12,19,0.632,10,38,48,38,7,2,6,20,105,exumda01,2518,540,895,246,132
161,Josh Green,SG,23,DAL,18,5,454,46,109,0.422,23,63,0.365,23,46,0.5,0.528,9,17,0.529,10,42,52,43,17,3,17,31,124,greenjo02,2518,540,895,246,132
168,Tim Hardaway Jr.,SF,31,DAL,19,0,526,109,257,0.424,66,172,0.384,43,85,0.506,0.553,38,43,0.884,7,58,65,29,4,0,15,20,322,hardati02,2518,540,895,246,132
170,Jaden Hardy,SG,21,DAL,17,0,190,38,98,0.388,13,45,0.289,25,53,0.472,0.454,18,27,0.667,8,22,30,23,5,0,13,18,107,hardyja02,2518,540,895,246,132
193,Richaun Holmes,C,30,DAL,11,1,115,13,25,0.52,0,0,,13,25,0.52,0.52,5,12,0.417,15,24,39,5,1,6,7,17,31,holmeri01,2518,540,895,246,132
207,Kyrie Irving,SG,31,DAL,17,17,541,146,310,0.471,43,112,0.384,103,198,0.52,0.54,56,62,0.903,10,57,67,88,20,5,23,31,391,irvinky01,2518,540,895,246,132
228,Derrick Jones Jr.,SF,26,DAL,21,20,508,77,155,0.497,36,91,0.396,41,64,0.641,0.613,23,32,0.719,26,55,81,21,14,17,20,35,213,jonesde02,2518,540,895,246,132
239,Maxi Kleber,C,32,DAL,5,1,90,4,16,0.25,3,9,0.333,1,7,0.143,0.344,6,10,0.6,4,17,21,10,1,1,4,8,17,klebima01,2518,540,895,246,132
249,A.J. Lawson,SG,23,DAL,4,0,36,7,16,0.438,3,10,0.3,4,6,0.667,0.531,2,4,0.5,1,2,3,2,0,1,0,2,19,lawsoaj01,2518,540,895,246,132
259,Dereck Lively II,C,19,DAL,19,18,479,75,102,0.735,0,2,0,75,100,0.75,0.735,16,27,0.593,53,93,146,24,12,30,21,60,166,livelde01,2518,540,895,246,132
313,Markieff Morris,PF,34,DAL,5,0,36,5,17,0.294,3,10,0.3,2,7,0.286,0.382,0,0,,2,4,6,2,0,0,3,3,13,morrima02,2518,540,895,246,132
356,Dwight Powell,C,32,DAL,19,1,273,24,33,0.727,1,1,1,23,32,0.719,0.742,32,40,0.8,23,34,57,28,9,8,8,35,81,poweldw01,2518,540,895,246,132
360,Olivier-Maxence Prosper,PF,21,DAL,11,0,92,6,21,0.286,2,13,0.154,4,8,0.5,0.333,9,14,0.643,4,12,16,6,1,0,0,6,23,prospol01,2518,540,895,246,132
474,Grant Williams,PF,25,DAL,19,19,547,62,147,0.422,43,106,0.406,19,41,0.463,0.568,20,31,0.645,22,49,71,32,5,11,17,50,187,willigr01,2518,540,895,246,132
55,Christian Braun,SG,22,DEN,23,0,468,78,164,0.476,14,37,0.378,64,127,0.504,0.518,27,37,0.73,20,74,94,43,10,6,16,40,197,braunch01,2613,683,1015,289,159
76,Kentavious Caldwell-Pope,SG,30,DEN,23,23,779,88,192,0.458,36,87,0.414,52,105,0.495,0.552,40,43,0.93,10,34,44,61,36,10,28,47,252,caldwke01,2613,683,1015,289,159
148,Collin Gillespie,PG,24,DEN,10,0,81,8,19,0.421,3,12,0.25,5,7,0.714,0.5,1,1,1,0,3,3,8,5,0,4,9,20,gilleco01,2613,683,1015,289,159
152,Aaron Gordon,PF,28,DEN,19,19,628,101,208,0.486,9,41,0.22,92,167,0.551,0.507,27,55,0.491,49,85,134,69,20,15,31,35,238,gordoaa01,2613,683,1015,289,159
192,Justin Holiday,SG,34,DEN,13,4,180,23,39,0.59,14,27,0.519,9,12,0.75,0.769,0,0,,3,18,21,14,7,0,3,16,60,holidju01,2613,683,1015,289,159
202,Jay Huff,C,25,DEN,2,0,2,1,1,1,0,0,,1,1,1,1,0,0,,0,0,0,0,0,0,0,0,2,huffja01,2613,683,1015,289,159
214,Reggie Jackson,PG,33,DEN,23,13,608,122,246,0.496,38,94,0.404,84,152,0.553,0.573,23,34,0.676,9,46,55,104,17,7,37,45,305,jacksre01,2613,683,1015,289,159
225,Nikola Joki?,C,28,DEN,22,22,752,245,458,0.535,28,92,0.304,217,366,0.593,0.566,106,137,0.774,77,209,286,211,25,18,65,58,624,jokicni01,2613,683,1015,289,159
232,DeAndre Jordan,C,35,DEN,8,1,110,18,30,0.6,0,0,,18,30,0.6,0.6,6,21,0.286,12,24,36,9,3,2,8,12,42,jordade01,2613,683,1015,289,159
237,Braxton Key,SF,26,DEN,6,0,15,1,5,0.2,0,2,0,1,3,0.333,0.2,1,2,0.5,0,3,3,5,0,0,0,3,3,keybr01,2613,683,1015,289,159
316,Jamal Murray,PG,26,DEN,10,10,299,62,146,0.425,23,55,0.418,39,91,0.429,0.503,27,30,0.9,3,26,29,67,3,6,18,21,174,murraja01,2613,683,1015,289,159
326,Zeke Nnaji,PF,23,DEN,19,0,199,25,51,0.49,3,7,0.429,22,44,0.5,0.52,17,28,0.607,23,21,44,8,3,10,10,26,70,nnajize01,2613,683,1015,289,159
345,Jalen Pickett,SG,24,DEN,11,0,74,9,20,0.45,5,14,0.357,4,6,0.667,0.575,2,2,1,1,9,10,7,3,0,6,7,25,pickeja02,2613,683,1015,289,159
352,Michael Porter Jr.,SF,25,DEN,23,23,735,156,316,0.494,68,171,0.398,88,145,0.607,0.601,24,32,0.75,39,147,186,37,11,20,29,53,404,portemi01,2613,683,1015,289,159
418,Julian Strawther,SF,21,DEN,20,0,244,34,91,0.374,19,61,0.311,15,30,0.5,0.478,7,10,0.7,1,22,23,20,5,5,4,33,94,strawju01,2613,683,1015,289,159
442,Hunter Tyson,PF,23,DEN,7,0,18,1,4,0.25,0,3,0,1,1,1,0.25,0,0,,0,4,4,1,0,0,0,5,2,tysonhu01,2613,683,1015,289,159
464,Peyton Watson,SF,21,DEN,21,0,327,41,85,0.482,4,22,0.182,37,63,0.587,0.506,15,23,0.652,9,34,43,19,11,20,13,31,101,watsope01,2613,683,1015,289,159
18,Marvin Bagley III,C,24,DET,20,7,366,77,134,0.575,1,5,0.2,76,129,0.589,0.578,41,48,0.854,37,59,96,23,2,12,26,30,196,baglema01,2376,574,990,376,133
47,Bojan Bogdanovi?,PF,34,DET,3,2,88,19,40,0.475,8,21,0.381,11,19,0.579,0.575,7,9,0.778,1,8,9,10,5,0,5,2,53,bogdabo02,2376,574,990,376,133
72,Alec Burks,SG,32,DET,15,0,288,43,123,0.35,29,79,0.367,14,44,0.318,0.467,42,48,0.875,8,28,36,27,5,4,7,23,157,burksal01,2376,574,990,376,133
83,Malcolm Cazalon,SG,22,DET,1,0,3,0,0,,0,0,,0,0,,,0,0,,0,0,0,0,0,0,0,0,0,cazalma01,2376,574,990,376,133
99,Cade Cunningham,PG,22,DET,22,22,768,179,426,0.42,45,131,0.344,134,295,0.454,0.473,81,91,0.89,11,73,84,161,21,5,95,59,484,cunnica01,2376,574,990,376,133
119,Jalen Duren,C,20,DET,14,13,404,80,127,0.63,0,2,0,80,125,0.64,0.63,16,28,0.571,47,106,153,35,8,19,38,48,176,durenja01,2376,574,990,376,133
173,Joe Harris,SG,32,DET,8,0,101,9,26,0.346,6,19,0.316,3,7,0.429,0.462,0,0,,2,5,7,6,2,1,3,12,24,harrijo01,2376,574,990,376,133
181,Killian Hayes,PG,22,DET,21,17,569,84,192,0.438,18,58,0.31,66,134,0.493,0.484,23,34,0.676,8,57,65,90,24,14,20,43,209,hayeski01,2376,574,990,376,133
209,Jaden Ivey,SG,21,DET,18,6,414,71,146,0.486,18,56,0.321,53,90,0.589,0.548,41,51,0.804,13,35,48,49,14,8,34,47,201,iveyja01,2376,574,990,376,133
240,Kevin Knox,SF,24,DET,7,2,130,21,41,0.512,9,21,0.429,12,20,0.6,0.622,2,3,0.667,5,17,22,3,4,1,7,12,53,knoxke01,2376,574,990,376,133
260,Isaiah Livers,PF,25,DET,8,1,166,16,50,0.32,10,34,0.294,6,16,0.375,0.42,5,7,0.714,4,12,16,9,1,0,10,14,47,liveris01,2376,574,990,376,133
370,Jared Rhoden,SG,24,DET,5,0,30,5,9,0.556,1,4,0.25,4,5,0.8,0.611,2,2,1,1,3,4,3,0,0,2,4,13,rhodeja01,2376,574,990,376,133
391,Marcus Sasser,PG,23,DET,22,0,382,67,146,0.459,27,69,0.391,40,77,0.519,0.551,9,9,1,3,37,40,60,14,3,16,31,170,sassema01,2376,574,990,376,133
417,Isaiah Stewart,PF,22,DET,22,22,682,87,195,0.446,32,87,0.368,55,108,0.509,0.528,29,36,0.806,41,115,156,31,7,14,37,56,235,stewais01,2376,574,990,376,133
430,Ausar Thompson,SF,21,DET,22,18,600,93,211,0.441,6,46,0.13,87,165,0.527,0.455,31,45,0.689,66,122,188,55,21,29,43,78,223,thompau01,2376,574,990,376,133
443,Stanley Umude,SG,24,DET,15,0,155,20,44,0.455,14,27,0.519,6,17,0.353,0.614,21,23,0.913,3,25,28,8,4,5,10,24,75,umudest01,2376,574,990,376,133
487,James Wiseman,C,22,DET,12,0,135,26,40,0.65,0,1,0,26,39,0.667,0.65,8,15,0.533,13,25,38,4,1,5,10,22,60,wisemja01,2376,574,990,376,133
101,Stephen Curry,PG,35,GSW,20,20,676,179,376,0.476,102,236,0.432,77,140,0.55,0.612,128,137,0.934,14,87,101,88,14,4,71,34,588,curryst01,2542,610,1040,349,151
158,Draymond Green,PF,33,GSW,14,14,360,50,101,0.495,18,40,0.45,32,61,0.525,0.584,25,30,0.833,22,59,81,85,6,11,33,42,143,greendr01,2542,610,1040,349,151
215,Trayce Jackson-Davis,PF,23,GSW,13,0,102,12,22,0.545,0,0,,12,22,0.545,0.545,15,25,0.6,11,12,23,6,2,7,6,18,39,jackstr02,2542,610,1040,349,151
233,Cory Joseph,PG,32,GSW,11,0,121,7,28,0.25,4,19,0.211,3,9,0.333,0.321,4,7,0.571,2,8,10,24,3,1,5,10,22,josepco01,2542,610,1040,349,151
244,Jonathan Kuminga,PF,21,GSW,21,1,422,91,194,0.469,14,50,0.28,77,144,0.535,0.505,50,73,0.685,20,50,70,20,12,7,29,51,246,kuminjo01,2542,610,1040,349,151
263,Kevon Looney,C,27,GSW,22,19,495,52,90,0.578,0,0,,52,90,0.578,0.578,22,32,0.688,61,124,185,58,16,7,21,58,126,looneke01,2542,610,1040,349,151
310,Moses Moody,SG,21,GSW,22,4,418,69,144,0.479,25,72,0.347,44,72,0.611,0.566,24,32,0.75,28,48,76,23,17,7,14,33,187,moodymo01,2542,610,1040,349,151
340,Chris Paul,PG,38,GSW,19,7,503,58,147,0.395,21,66,0.318,37,81,0.457,0.466,26,28,0.929,6,62,68,137,27,1,22,31,163,paulch01,2542,610,1040,349,151
342,Gary Payton II,SG,31,GSW,14,0,242,34,71,0.479,9,28,0.321,25,43,0.581,0.542,6,9,0.667,15,29,44,13,17,4,9,26,83,paytoga02,2542,610,1040,349,151
347,Brandin Podziemski,SG,20,GSW,16,0,307,44,97,0.454,17,39,0.436,27,58,0.466,0.541,12,18,0.667,19,52,71,36,8,2,16,27,117,podzibr01,2542,610,1040,349,151
363,Lester Quinones,SG,23,GSW,2,0,9,2,6,0.333,1,4,0.25,1,2,0.5,0.417,0,0,,0,0,0,0,0,0,1,1,5,quinole01,2542,610,1040,349,151
374,Jerome Robinson,SG,26,GSW,1,0,5,0,2,0,0,0,,0,2,0,0,0,0,,1,1,2,0,0,0,0,0,0,robinje01,2542,610,1040,349,151
388,Gui Santos,PF,21,GSW,2,0,12,2,4,0.5,0,1,0,2,3,0.667,0.5,0,0,,2,2,4,1,0,0,2,2,4,santogu01,2542,610,1040,349,151
389,Dario Šari?,C,29,GSW,22,4,475,81,178,0.455,36,94,0.383,45,84,0.536,0.556,38,46,0.826,38,97,135,52,15,6,28,52,236,saricda01,2542,610,1040,349,151
431,Klay Thompson,SF,33,GSW,21,21,633,114,282,0.404,58,164,0.354,56,118,0.475,0.507,46,52,0.885,13,69,82,44,8,12,42,48,332,thompkl01,2542,610,1040,349,151
472,Andrew Wiggins,SF,28,GSW,20,20,550,98,233,0.421,18,65,0.277,80,168,0.476,0.459,37,59,0.627,38,50,88,23,6,7,39,50,251,wiggian01,2542,610,1040,349,151
61,Dillon Brooks,SF,28,HOU,19,19,594,96,198,0.485,36,85,0.424,60,113,0.531,0.576,36,43,0.837,15,51,66,33,19,1,36,76,264,brookdi01,2095,495,846,247,115
71,Reggie Bullock,SF,32,HOU,9,0,82,5,15,0.333,4,13,0.308,1,2,0.5,0.467,1,1,1,2,11,13,3,1,1,2,7,15,bullore01,2095,495,846,247,115
120,Tari Eason,PF,22,HOU,12,0,218,30,70,0.429,8,22,0.364,22,48,0.458,0.486,11,17,0.647,19,54,73,15,5,14,8,23,79,easonta01,2095,495,846,247,115
159,Jalen Green,SG,21,HOU,19,19,603,122,286,0.427,40,118,0.339,82,168,0.488,0.497,79,100,0.79,7,81,88,58,10,7,46,29,363,greenja05,2095,495,846,247,115
160,Jeff Green,PF,37,HOU,18,0,274,34,64,0.531,7,22,0.318,27,42,0.643,0.586,31,40,0.775,15,27,42,11,4,8,10,22,106,greenje02,2095,495,846,247,115
188,Nate Hinton,SG,24,HOU,4,0,16,3,6,0.5,3,3,1,0,3,0,0.75,0,0,,1,2,3,0,0,0,0,2,9,hintona01,2095,495,846,247,115
190,Aaron Holiday,PG,27,HOU,17,1,315,49,97,0.505,22,48,0.458,27,49,0.551,0.619,6,8,0.75,4,30,34,36,9,1,8,32,126,holidaa01,2095,495,846,247,115
246,Jock Landale,C,28,HOU,13,0,113,9,26,0.346,2,10,0.2,7,16,0.438,0.385,4,4,1,9,14,23,8,4,3,8,9,24,landajo01,2095,495,846,247,115
273,Boban Marjanovi?,C,35,HOU,3,0,20,5,9,0.556,0,1,0,5,8,0.625,0.556,0,1,0,2,6,8,3,0,1,0,2,10,marjabo01,2095,495,846,247,115
387,Jermaine Samuels,SF,25,HOU,5,0,29,2,4,0.5,0,2,0,2,2,1,0.5,2,2,1,1,6,7,2,0,1,0,3,6,samueje01,2095,495,846,247,115
395,Alperen ?engün,C,21,HOU,19,19,625,162,299,0.542,15,50,0.3,147,249,0.59,0.567,56,87,0.644,48,124,172,108,17,16,48,60,395,sengual01,2095,495,846,247,115
411,Jabari Smith Jr.,PF,20,HOU,19,19,571,95,191,0.497,30,84,0.357,65,107,0.607,0.576,21,28,0.75,33,128,161,31,11,14,26,59,241,smithja05,2095,495,846,247,115
422,Jae'Sean Tate,SF,28,HOU,18,0,323,39,78,0.5,12,34,0.353,27,44,0.614,0.577,8,10,0.8,16,47,63,20,17,5,7,47,98,tateja01,2095,495,846,247,115
429,Amen Thompson,SF,21,HOU,4,0,67,9,22,0.409,2,11,0.182,7,11,0.636,0.455,5,8,0.625,1,10,11,6,2,1,6,9,25,thompam01,2095,495,846,247,115
446,Fred VanVleet,PG,29,HOU,18,18,681,99,258,0.384,56,147,0.381,43,111,0.387,0.492,47,54,0.87,6,68,74,157,14,9,29,32,301,vanvlfr01,2095,495,846,247,115
470,Cam Whitmore,SF,19,HOU,5,0,32,7,15,0.467,1,5,0.2,6,10,0.6,0.5,5,10,0.5,1,7,8,2,1,0,2,2,20,whitmca01,2095,495,846,247,115
477,Jeenathan Williams,SG,24,HOU,4,0,22,6,11,0.545,0,2,0,6,9,0.667,0.545,1,2,0.5,0,0,0,2,1,0,0,2,13,willije02,2095,495,846,247,115
62,Bruce Brown,SG,27,IND,20,20,636,91,193,0.472,26,73,0.356,65,120,0.542,0.539,43,51,0.843,9,78,87,55,24,5,23,47,251,brownbr01,2568,604,801,251,158
166,Tyrese Haliburton,PG,23,IND,18,18,619,169,322,0.525,71,161,0.441,98,161,0.609,0.635,76,86,0.884,13,62,75,217,18,12,40,20,485,halibty01,2568,604,801,251,158
186,Buddy Hield,SF,31,IND,20,8,509,99,220,0.45,57,147,0.388,42,73,0.575,0.58,11,13,0.846,15,50,65,53,17,12,30,41,266,hieldbu01,2568,604,801,251,158
212,Isaiah Jackson,C,22,IND,12,0,157,24,41,0.585,0,1,0,24,40,0.6,0.585,17,24,0.708,17,34,51,10,6,19,6,34,65,jacksis01,2568,604,801,251,158
279,Bennedict Mathurin,SF,21,IND,20,12,494,95,218,0.436,24,67,0.358,71,151,0.47,0.491,45,57,0.789,23,55,78,38,11,4,27,40,259,mathube01,2568,604,801,251,158
285,T.J. McConnell,PG,31,IND,14,0,200,46,82,0.561,1,6,0.167,45,76,0.592,0.567,11,16,0.688,8,25,33,59,12,2,14,16,104,mccontj01,2568,604,801,251,158
322,Andrew Nembhard,PG,24,IND,17,2,308,52,114,0.456,9,37,0.243,43,77,0.558,0.496,6,9,0.667,9,20,29,70,15,1,22,33,119,nembhan01,2568,604,801,251,158
323,Aaron Nesmith,SF,24,IND,18,1,437,72,133,0.541,31,70,0.443,41,63,0.651,0.658,23,35,0.657,15,40,55,18,17,11,10,61,198,nesmiaa01,2568,604,801,251,158
330,Jordan Nwora,SF,25,IND,5,0,73,14,34,0.412,4,15,0.267,10,19,0.526,0.471,3,4,0.75,6,9,15,6,4,1,7,8,35,nworajo01,2568,604,801,251,158
401,Ben Sheppard,SG,22,IND,9,0,58,9,22,0.409,5,15,0.333,4,7,0.571,0.523,2,2,1,1,4,5,5,1,0,1,6,25,sheppbe01,2568,604,801,251,158
412,Jalen Smith,C,23,IND,14,0,216,53,75,0.707,14,21,0.667,39,54,0.722,0.8,20,27,0.741,20,57,77,12,5,4,15,29,140,smithja04,2568,604,801,251,158
427,Daniel Theis,C,31,IND,1,0,8,1,4,0.25,0,1,0,1,3,0.333,0.25,0,0,,0,0,0,0,0,0,0,1,2,theisda01,2568,604,801,251,158
437,Obi Toppin,PF,25,IND,20,19,495,104,170,0.612,25,68,0.368,79,102,0.775,0.685,27,34,0.794,19,44,63,27,13,12,15,40,260,toppiob01,2568,604,801,251,158
441,Myles Turner,C,27,IND,20,20,549,125,247,0.506,29,90,0.322,96,157,0.611,0.565,63,81,0.778,35,125,160,28,13,42,27,66,342,turnemy01,2568,604,801,251,158
456,Jarace Walker,PF,20,IND,5,0,41,7,18,0.389,0,5,0,7,13,0.538,0.389,3,3,1,1,7,8,6,2,2,1,4,17,walkeja02,2568,604,801,251,158
33,Nicolas Batum,PF,35,LAC,3,0,54,3,8,0.375,2,7,0.286,1,1,1,0.5,0,0,,0,7,7,5,3,4,1,5,8,batumni01,2374,518,935,281,187
65,Kobe Brown,PF,24,LAC,12,0,115,9,28,0.321,5,18,0.278,4,10,0.4,0.411,1,2,0.5,5,17,22,7,1,2,1,21,24,brownko01,2374,518,935,281,187
90,Amir Coffey,SF,26,LAC,10,0,58,4,12,0.333,0,3,0,4,9,0.444,0.333,4,4,1,2,5,7,3,1,0,2,5,12,coffeam01,2374,518,935,281,187
96,Robert Covington,PF,33,LAC,3,3,69,3,9,0.333,2,8,0.25,1,1,1,0.444,1,2,0.5,2,6,8,7,6,2,0,7,9,covinro01,2374,518,935,281,187
107,Moussa Diabaté,C,22,LAC,9,0,55,9,18,0.5,0,0,,9,18,0.5,0.5,9,12,0.75,14,5,19,4,4,0,2,4,27,diabamo01,2374,518,935,281,187
143,Paul George,PF,33,LAC,21,21,751,169,378,0.447,68,174,0.391,101,204,0.495,0.537,85,92,0.924,13,109,122,84,37,5,49,60,491,georgpa01,2374,518,935,281,187
169,James Harden,SG,34,LAC,16,16,538,75,163,0.46,38,94,0.404,37,69,0.536,0.577,64,75,0.853,5,65,70,109,25,8,36,31,252,hardeja01,2374,518,935,281,187
204,Bones Hyland,PG,23,LAC,12,2,201,37,88,0.42,17,48,0.354,20,40,0.5,0.517,9,10,0.9,2,12,14,24,7,0,19,22,100,hylanbo01,2374,518,935,281,187
252,Kawhi Leonard,SF,32,LAC,21,21,729,177,363,0.488,48,115,0.417,129,248,0.52,0.554,70,83,0.843,21,102,123,75,32,15,33,33,472,leonaka01,2374,518,935,281,187
271,Terance Mann,SG,27,LAC,15,11,396,40,92,0.435,8,40,0.2,32,52,0.615,0.478,8,15,0.533,17,39,56,29,12,6,11,30,96,mannte01,2374,518,935,281,187
277,KJ Martin,SF,23,LAC,2,0,31,4,10,0.4,1,5,0.2,3,5,0.6,0.45,1,2,0.5,1,2,3,1,2,1,2,3,10,martike04,2374,518,935,281,187
298,Jordan Miller,SF,24,LAC,2,0,7,2,3,0.667,1,1,1,1,2,0.5,0.833,0,0,,0,0,0,0,0,0,0,2,5,millejo02,2374,518,935,281,187
346,Mason Plumlee,C,33,LAC,6,0,102,12,19,0.632,0,0,,12,19,0.632,0.632,6,14,0.429,8,25,33,6,4,1,5,6,30,plumlma01,2374,518,935,281,187
357,Norman Powell,SG,30,LAC,21,0,511,85,181,0.47,38,87,0.437,47,94,0.5,0.575,46,55,0.836,4,38,42,22,14,9,22,39,254,powelno01,2374,518,935,281,187
427,Daniel Theis,C,31,LAC,10,0,176,33,70,0.471,5,12,0.417,28,58,0.483,0.507,5,10,0.5,22,27,49,12,3,11,7,27,76,theisda01,2374,518,935,281,187
440,P.J. Tucker,PF,38,LAC,12,0,173,4,14,0.286,3,11,0.273,1,3,0.333,0.393,3,3,1,15,14,29,8,6,1,2,26,14,tuckepj01,2374,518,935,281,187
467,Russell Westbrook,PG,35,LAC,21,10,539,96,222,0.432,15,55,0.273,81,167,0.485,0.466,35,56,0.625,33,106,139,103,26,10,48,49,242,westbru01,2374,518,935,281,187
494,Ivica Zubac,C,26,LAC,21,21,559,107,172,0.622,0,0,,107,172,0.622,0.622,38,64,0.594,67,125,192,19,4,31,26,58,252,zubaciv01,2374,518,935,281,187
82,Colin Castleton,C,23,LAL,3,0,23,2,5,0.4,0,0,,2,5,0.4,0.4,2,2,1,3,3,6,2,0,0,0,5,6,castlco01,2602,606,1030,337,176
85,Max Christie,SG,20,LAL,18,5,317,34,82,0.415,12,38,0.316,22,44,0.5,0.488,10,14,0.714,3,46,49,18,8,4,12,28,90,chrisma02,2602,606,1030,337,176
103,Anthony Davis,C,30,LAL,22,22,771,187,351,0.533,3,13,0.231,184,338,0.544,0.537,123,147,0.837,80,199,279,71,23,60,44,59,500,davisan02,2602,606,1030,337,176
135,Alex Fudge,SF,20,LAL,4,0,14,1,6,0.167,0,2,0,1,4,0.25,0.167,2,2,1,2,0,2,0,0,0,1,1,4,fudgeal01,2602,606,1030,337,176
165,Rui Hachimura,PF,25,LAL,14,1,322,60,120,0.5,17,42,0.405,43,78,0.551,0.571,23,30,0.767,12,37,49,15,11,3,12,22,160,hachiru01,2602,606,1030,337,176
180,Jaxson Hayes,C,23,LAL,20,0,223,25,38,0.658,0,4,0,25,34,0.735,0.658,12,22,0.545,8,26,34,7,5,9,14,39,62,hayesja02,2602,606,1030,337,176
189,D'Moi Hodge,SG,25,LAL,6,0,33,3,12,0.25,2,10,0.2,1,2,0.5,0.333,1,2,0.5,0,0,0,2,1,1,1,4,9,hodgedm01,2602,606,1030,337,176
195,Jalen Hood-Schifino,SG,20,LAL,5,0,52,4,18,0.222,1,8,0.125,3,10,0.3,0.25,5,10,0.5,1,5,6,4,0,1,4,7,14,hoodsja01,2602,606,1030,337,176
216,LeBron James,PF,39,LAL,22,22,734,204,369,0.553,50,123,0.407,154,246,0.626,0.621,91,127,0.717,19,146,165,146,32,15,75,25,549,jamesle01,2602,606,1030,337,176
255,Maxwell Lewis,SF,21,LAL,11,0,52,1,9,0.111,1,3,0.333,0,6,0,0.167,0,0,,1,2,3,3,2,0,5,2,3,lewisma05,2602,606,1030,337,176
358,Taurean Prince,PF,29,LAL,21,21,618,69,164,0.421,34,95,0.358,35,69,0.507,0.524,13,18,0.722,6,46,52,29,16,8,16,47,185,princta02,2602,606,1030,337,176
366,Austin Reaves,SG,25,LAL,23,8,670,112,240,0.467,32,97,0.33,80,143,0.559,0.533,69,80,0.863,21,88,109,108,23,2,55,32,325,reaveau01,2602,606,1030,337,176
367,Cam Reddish,SF,24,LAL,19,12,457,45,110,0.409,16,51,0.314,29,59,0.492,0.482,29,34,0.853,11,42,53,22,26,5,11,33,135,reddica01,2602,606,1030,337,176
383,D'Angelo Russell,PG,27,LAL,23,23,695,144,298,0.483,51,126,0.405,93,172,0.541,0.569,43,55,0.782,9,66,75,144,18,12,42,45,382,russeda01,2602,606,1030,337,176
445,Jarred Vanderbilt,PF,24,LAL,3,0,43,1,6,0.167,0,4,0,1,2,0.5,0.167,1,2,0.5,5,10,15,4,1,1,1,3,3,vandeja01,2602,606,1030,337,176
449,Gabe Vincent,PG,27,LAL,4,0,113,11,28,0.393,1,14,0.071,10,14,0.714,0.411,1,2,0.5,2,2,4,12,6,0,2,10,24,vincega01,2602,606,1030,337,176
488,Christian Wood,PF,28,LAL,22,1,433,53,119,0.445,14,53,0.264,39,66,0.591,0.504,31,45,0.689,21,108,129,19,4,12,29,37,151,woodch01,2602,606,1030,337,176
4,Santi Aldama,PF,23,MEM,15,4,403,77,176,0.438,25,80,0.313,52,96,0.542,0.509,18,29,0.621,26,69,95,34,11,11,17,25,197,aldamsa01,2231,502,882,300,163
24,Desmond Bane,SG,25,MEM,21,21,718,189,406,0.466,70,182,0.385,119,224,0.531,0.552,69,80,0.863,19,73,92,108,27,16,59,66,517,banede01,2231,502,882,300,163
43,Bismack Biyombo,C,31,MEM,16,15,401,40,70,0.571,0,0,,40,70,0.571,0.571,18,30,0.6,40,72,112,34,6,20,19,47,98,biyombi01,2231,502,882,300,163
149,Jacob Gilyard,PG,25,MEM,16,7,236,19,45,0.422,16,40,0.4,3,5,0.6,0.6,1,1,1,6,12,18,45,9,1,8,16,55,gilyaja01,2231,502,882,300,163
175,Shaquille Harrison,SG,30,MEM,3,0,6,1,2,0.5,0,0,,1,2,0.5,0.5,0,0,,0,2,2,0,0,1,0,0,2,harrish01,2231,502,882,300,163
211,Gregory Jackson II,PF,19,MEM,3,0,7,0,4,0,0,2,0,0,2,0,0,0,0,,1,2,3,0,1,0,1,0,0,jacksgg01,2231,502,882,300,163
213,Jaren Jackson Jr.,C,24,MEM,21,21,649,142,330,0.43,31,102,0.304,111,228,0.487,0.477,102,123,0.829,35,88,123,37,12,38,39,74,417,jacksja02,2231,502,882,300,163
235,Luke Kennard,SG,27,MEM,8,0,172,21,58,0.362,17,46,0.37,4,12,0.333,0.509,7,7,1,3,20,23,16,5,1,5,4,66,kennalu01,2231,502,882,300,163
241,John Konchar,SF,27,MEM,17,2,303,21,57,0.368,11,33,0.333,10,24,0.417,0.465,4,6,0.667,18,51,69,24,12,12,6,17,57,konchjo01,2231,502,882,300,163
247,Jake LaRavia,PF,22,MEM,5,0,61,7,20,0.35,2,12,0.167,5,8,0.625,0.4,1,2,0.5,3,5,8,2,1,0,2,8,17,laravja01,2231,502,882,300,163
262,Kenneth Lofton Jr.,PF,21,MEM,15,0,99,14,37,0.378,3,10,0.3,11,27,0.407,0.419,8,15,0.533,2,13,15,14,3,3,6,15,39,loftoke01,2231,502,882,300,163
327,Jaylen Nowell,SG,24,MEM,7,1,140,22,50,0.44,4,20,0.2,18,30,0.6,0.48,3,3,1,3,11,14,13,3,0,3,12,51,nowelja01,2231,502,882,300,163
378,David Roddy,PF,22,MEM,21,6,498,71,162,0.438,21,68,0.309,50,94,0.532,0.503,13,19,0.684,21,67,88,22,14,8,20,32,176,roddyda01,2231,502,882,300,163
380,Derrick Rose,PG,35,MEM,12,4,227,43,97,0.443,8,23,0.348,35,74,0.473,0.485,13,15,0.867,6,16,22,40,7,1,18,13,107,rosede01,2231,502,882,300,163
407,Marcus Smart,PG,29,MEM,11,11,329,51,119,0.429,18,61,0.295,33,58,0.569,0.504,17,21,0.81,3,24,27,55,22,4,37,35,137,smartma01,2231,502,882,300,163
435,Xavier Tillman Sr.,C,25,MEM,11,5,238,36,86,0.419,8,27,0.296,28,59,0.475,0.465,5,12,0.417,17,35,52,20,17,9,11,21,85,tillmxa01,2231,502,882,300,163
482,Vince Williams Jr.,SG,23,MEM,13,0,193,17,41,0.415,11,33,0.333,6,8,0.75,0.549,13,15,0.867,6,36,42,15,4,7,7,25,58,willivi01,2231,502,882,300,163
483,Ziaire Williams,SF,22,MEM,19,8,384,54,136,0.397,23,65,0.354,31,71,0.437,0.482,21,24,0.875,12,65,77,23,9,5,23,34,152,willizi02,2231,502,882,300,163
2,Bam Adebayo,C,26,MIA,16,16,537,132,253,0.522,1,3,0.333,131,250,0.524,0.524,91,112,0.813,33,126,159,62,19,16,39,39,356,adebaba01,2473,575,895,287,172
69,Thomas Bryant,C,26,MIA,13,3,168,27,54,0.5,0,3,0,27,51,0.529,0.5,12,15,0.8,13,36,49,8,6,4,12,17,66,bryanth01,2473,575,895,287,172
74,Jimmy Butler,PF,34,MIA,18,18,613,123,268,0.459,18,46,0.391,105,222,0.473,0.493,130,147,0.884,36,57,93,74,21,8,30,16,394,butleji01,2473,575,895,287,172
75,Jamal Cain,PF,24,MIA,6,0,76,8,17,0.471,2,9,0.222,6,8,0.75,0.529,2,5,0.4,3,6,9,0,4,0,2,5,20,cainja01,2473,575,895,287,172
167,R.J. Hampton,PG,22,MIA,1,0,2,0,1,0,0,0,,0,1,0,0,0,0,,0,0,0,0,0,0,0,0,0,hamptrj01,2473,575,895,287,172
185,Tyler Herro,SG,24,MIA,8,8,272,68,152,0.447,25,61,0.41,43,91,0.473,0.53,22,25,0.88,3,37,40,37,11,0,20,13,183,herroty01,2473,575,895,287,172
187,Haywood Highsmith,PF,27,MIA,15,14,334,35,82,0.427,16,49,0.327,19,33,0.576,0.524,11,13,0.846,9,32,41,23,17,11,15,32,97,highsha01,2473,575,895,287,172
217,Jaime Jaquez Jr.,SF,22,MIA,22,4,601,109,209,0.522,25,67,0.373,84,142,0.592,0.581,25,31,0.806,24,56,80,56,22,5,34,51,268,jaqueja01,2473,575,895,287,172
234,Nikola Jovi?,PF,20,MIA,4,1,48,4,12,0.333,3,7,0.429,1,5,0.2,0.458,3,4,0.75,1,22,23,9,1,0,5,9,14,jovicni01,2473,575,895,287,172
266,Kevin Love,PF,35,MIA,16,4,291,40,99,0.404,25,72,0.347,15,27,0.556,0.53,27,32,0.844,16,89,105,42,3,1,9,32,132,loveke01,2473,575,895,287,172
267,Kyle Lowry,PG,37,MIA,21,21,617,66,150,0.44,44,103,0.427,22,47,0.468,0.587,22,25,0.88,17,69,86,90,25,7,30,57,198,lowryky01,2473,575,895,287,172
276,Caleb Martin,SF,28,MIA,12,2,295,55,127,0.433,17,49,0.347,38,78,0.487,0.5,11,17,0.647,13,36,49,24,10,3,13,25,138,martica02,2473,575,895,287,172
372,Josh Richardson,SG,30,MIA,19,4,531,75,162,0.463,27,82,0.329,48,80,0.6,0.546,26,29,0.897,10,40,50,57,11,5,22,36,203,richajo01,2473,575,895,287,172
373,Duncan Robinson,SF,29,MIA,20,12,587,103,218,0.472,58,139,0.417,45,79,0.57,0.606,22,27,0.815,6,46,52,57,7,3,24,51,286,robindu01,2473,575,895,287,172
376,Orlando Robinson,C,23,MIA,8,3,149,25,43,0.581,6,7,0.857,19,36,0.528,0.651,7,8,0.875,12,32,44,19,5,5,8,17,63,robinor01,2473,575,895,287,172
409,Dru Smith,SG,26,MIA,9,0,131,15,33,0.455,7,17,0.412,8,16,0.5,0.561,2,2,1,6,8,14,14,9,3,5,12,39,smithdr01,2473,575,895,287,172
421,Cole Swider,SF,24,MIA,3,0,29,6,14,0.429,4,11,0.364,2,3,0.667,0.571,0,0,,0,1,1,3,1,1,1,1,16,swideco01,2473,575,895,287,172
10,Giannis Antetokounmpo,PF,29,MIL,21,21,726,247,402,0.614,9,37,0.243,238,365,0.652,0.626,138,210,0.657,57,166,223,106,29,28,84,65,641,antetgi01,2687,552,959,301,160
11,Thanasis Antetokounmpo,PF,31,MIL,8,0,47,4,9,0.444,0,0,,4,9,0.444,0.444,0,0,,3,2,5,4,2,1,4,7,8,antetth01,2687,552,959,301,160
35,Malik Beasley,SG,27,MIL,22,22,652,94,197,0.477,65,143,0.455,29,54,0.537,0.642,8,12,0.667,13,83,96,31,20,3,16,45,261,beaslma01,2687,552,959,301,160
36,MarJon Beauchamp,SF,23,MIL,18,0,294,36,77,0.468,16,36,0.444,20,41,0.488,0.571,9,16,0.563,13,33,46,17,5,4,11,31,97,beaucma01,2687,552,959,301,160
49,Marques Bolden,C,25,MIL,1,0,3,0,0,,0,0,,0,0,,,0,0,,0,2,2,0,0,0,0,1,0,boldema01,2687,552,959,301,160
94,Pat Connaughton,SF,31,MIL,18,0,416,38,90,0.422,20,59,0.339,18,31,0.581,0.533,8,12,0.667,12,51,63,36,9,3,14,19,104,connapa01,2687,552,959,301,160
98,Jae Crowder,PF,33,MIL,9,2,240,25,47,0.532,16,31,0.516,9,16,0.563,0.702,7,12,0.583,4,31,35,15,7,3,4,14,73,crowdja01,2687,552,959,301,160
156,A.J. Green,SG,24,MIL,14,0,110,14,35,0.4,11,30,0.367,3,5,0.6,0.557,1,1,1,2,7,9,9,0,0,0,9,40,greenaj01,2687,552,959,301,160
210,Andre Jackson Jr.,SG,22,MIL,17,3,131,14,22,0.636,6,11,0.545,8,11,0.727,0.773,0,0,,10,10,20,11,5,0,8,24,34,jacksan01,2687,552,959,301,160
257,Damian Lillard,PG,33,MIL,20,20,706,147,341,0.431,60,168,0.357,87,173,0.503,0.519,157,170,0.924,14,78,92,139,21,4,56,31,511,lillada01,2687,552,959,301,160
261,Chris Livingston,SF,20,MIL,3,0,12,2,3,0.667,1,1,1,1,2,0.5,0.833,0,0,,1,1,2,1,1,0,1,0,5,livinch01,2687,552,959,301,160
264,Brook Lopez,C,35,MIL,22,22,666,112,224,0.5,41,116,0.353,71,108,0.657,0.592,31,40,0.775,31,81,112,32,19,62,20,56,296,lopezbr01,2687,552,959,301,160
265,Robin Lopez,C,35,MIL,4,0,12,0,1,0,0,1,0,0,0,,0,2,2,1,0,0,0,1,0,0,1,2,2,lopezro01,2687,552,959,301,160
296,Khris Middleton,SF,32,MIL,18,18,389,85,181,0.47,26,69,0.377,59,112,0.527,0.541,27,34,0.794,14,64,78,73,15,1,32,33,223,middlkh01,2687,552,959,301,160
341,Cameron Payne,PG,29,MIL,22,2,375,55,114,0.482,28,64,0.438,27,50,0.54,0.605,8,8,1,1,30,31,51,9,2,19,45,146,payneca01,2687,552,959,301,160
354,Bobby Portis,PF,28,MIL,22,0,520,100,210,0.476,16,55,0.291,84,155,0.542,0.514,27,35,0.771,32,112,144,26,17,13,20,52,243,portibo01,2687,552,959,301,160
460,TyTy Washington Jr.,PG,22,MIL,2,0,6,1,3,0.333,1,2,0.5,0,1,0,0.5,0,0,,0,1,1,0,1,0,2,0,3,washity02,2687,552,959,301,160
473,Lindell Wigginton,PG,25,MIL,1,0,2,0,1,0,0,1,0,0,0,,0,0,0,,0,0,0,0,0,0,1,1,0,wiggili01,2687,552,959,301,160
5,Nickeil Alexander-Walker,SG,25,MIN,21,10,501,55,134,0.41,31,89,0.348,24,45,0.533,0.526,7,13,0.538,10,35,45,53,18,15,23,40,148,alexani01,2373,532,964,314,151
9,Kyle Anderson,PF,30,MIN,21,0,503,57,123,0.463,2,18,0.111,55,105,0.524,0.472,36,52,0.692,16,63,79,83,16,19,33,30,152,anderky01,2373,532,964,314,151
67,Troy Brown Jr.,SF,24,MIN,17,2,262,32,69,0.464,18,46,0.391,14,23,0.609,0.594,17,20,0.85,12,35,47,16,6,2,9,15,99,browntr01,2373,532,964,314,151
93,Mike Conley,PG,36,MIN,21,21,625,78,177,0.441,46,110,0.418,32,67,0.478,0.571,32,33,0.97,9,54,63,129,21,2,20,39,234,conlemi01,2373,532,964,314,151
121,Anthony Edwards,SG,22,MIN,19,19,637,161,356,0.452,45,119,0.378,116,237,0.489,0.515,96,111,0.865,14,93,107,92,23,9,58,35,463,edwaran01,2373,532,964,314,151
140,Luka Garza,C,25,MIN,5,0,16,4,11,0.364,0,2,0,4,9,0.444,0.364,5,8,0.625,3,3,6,1,0,0,1,4,13,garzalu01,2373,532,964,314,151
150,Rudy Gobert,C,31,MIN,21,21,688,107,173,0.618,0,0,,107,173,0.618,0.618,70,110,0.636,83,178,261,23,12,53,33,60,284,goberru01,2373,532,964,314,151
286,Jaden McDaniels,SF,23,MIN,11,11,260,46,79,0.582,11,29,0.379,35,50,0.7,0.652,2,2,1,7,17,24,14,6,4,11,36,105,mcdanja02,2373,532,964,314,151
291,Jordan McLaughlin,PG,27,MIN,5,0,19,1,4,0.25,1,2,0.5,0,2,0,0.375,2,2,1,0,0,0,5,0,2,0,2,5,mclaujo01,2373,532,964,314,151
299,Leonard Miller,SF,20,MIN,3,0,6,1,2,0.5,0,0,,1,2,0.5,0.5,0,0,,0,6,6,1,0,0,0,1,2,millele01,2373,532,964,314,151
302,Shake Milton,SG,27,MIN,21,0,343,41,108,0.38,11,43,0.256,30,65,0.462,0.431,30,37,0.811,4,36,40,30,14,3,22,31,123,miltosh01,2373,532,964,314,151
304,Josh Minott,SF,21,MIN,9,0,23,6,12,0.5,0,5,0,6,7,0.857,0.5,2,4,0.5,1,2,3,1,0,1,0,4,14,minotjo01,2373,532,964,314,151
311,Wendell Moore Jr.,SG,22,MIN,2,0,5,0,2,0,0,2,0,0,0,,0,0,0,,0,0,0,1,0,0,0,0,0,moorewe01,2373,532,964,314,151
325,Daishen Nix,PG,21,MIN,5,0,20,3,8,0.375,2,5,0.4,1,3,0.333,0.5,0,0,,0,1,1,0,1,0,0,0,8,nixda01,2373,532,964,314,151
369,Naz Reid,C,24,MIN,21,0,459,101,203,0.498,33,92,0.359,68,111,0.613,0.579,29,32,0.906,22,72,94,17,15,13,23,32,264,reidna01,2373,532,964,314,151
438,Karl-Anthony Towns,PF,28,MIN,21,21,697,166,326,0.509,45,105,0.429,121,221,0.548,0.578,82,91,0.901,24,164,188,66,19,15,63,71,459,townska01,2373,532,964,314,151
8,Jose Alvarado,PG,25,NOP,9,0,151,25,58,0.431,13,30,0.433,12,28,0.429,0.543,3,8,0.375,4,15,19,20,11,3,9,11,66,alvarjo01,2610,597,1013,315,192
102,Dyson Daniels,PG,20,NOP,23,12,577,63,156,0.404,16,66,0.242,47,90,0.522,0.455,17,26,0.654,25,84,109,72,34,9,29,45,159,daniedy01,2610,597,1013,315,192
141,Kaiser Gates,SF,27,NOP,1,0,7,0,4,0,0,2,0,0,2,0,0,0,0,,0,1,1,0,0,0,0,0,0,gateska01,2610,597,1013,315,192
179,Jordan Hawkins,SG,21,NOP,22,9,596,89,229,0.389,56,153,0.366,33,76,0.434,0.511,40,46,0.87,16,65,81,38,10,0,22,43,274,hawkijo01,2610,597,1013,315,192
206,Brandon Ingram,SF,26,NOP,20,20,683,180,366,0.492,25,85,0.294,155,281,0.552,0.526,75,97,0.773,12,92,104,108,15,3,52,42,460,ingrabr01,2610,597,1013,315,192
229,Herbert Jones,SF,25,NOP,20,20,621,84,164,0.512,24,70,0.343,60,94,0.638,0.585,54,61,0.885,24,63,87,56,36,26,32,70,246,joneshe01,2610,597,1013,315,192
254,Kira Lewis Jr.,PG,22,NOP,12,0,128,15,46,0.326,2,16,0.125,13,30,0.433,0.348,8,9,0.889,3,7,10,18,5,1,6,8,40,lewiski01,2610,597,1013,315,192
256,E.J. Liddell,PF,23,NOP,3,0,9,1,4,0.25,0,3,0,1,1,1,0.25,2,2,1,0,2,2,0,0,1,1,1,4,liddeej01,2610,597,1013,315,192
275,Naji Marshall,SF,26,NOP,14,0,289,38,83,0.458,16,38,0.421,22,45,0.489,0.554,28,33,0.848,20,45,65,29,11,4,18,20,120,marshna01,2610,597,1013,315,192
284,CJ McCollum,PG,32,NOP,10,10,333,70,162,0.432,27,75,0.36,43,87,0.494,0.515,28,36,0.778,8,34,42,56,17,9,14,22,195,mccolcj01,2610,597,1013,315,192
314,Trey Murphy III,SF,23,NOP,3,0,74,18,39,0.462,9,25,0.36,9,14,0.643,0.577,3,4,0.75,1,7,8,3,1,2,0,2,48,murphtr02,2610,597,1013,315,192
321,Larry Nance Jr.,C,31,NOP,14,0,211,21,42,0.5,3,11,0.273,18,31,0.581,0.536,4,8,0.5,18,40,58,10,9,4,13,19,49,nancela02,2610,597,1013,315,192
377,Jeremiah Robinson-Earl,PF,23,NOP,9,1,104,13,27,0.481,6,11,0.545,7,16,0.438,0.593,6,6,1,8,16,24,6,2,0,6,9,38,robinje02,2610,597,1013,315,192
384,Matt Ryan,SF,26,NOP,13,1,298,38,83,0.458,32,68,0.471,6,15,0.4,0.651,13,14,0.929,5,25,30,14,5,1,16,24,121,ryanma01,2610,597,1013,315,192
394,Dereon Seabron,SG,23,NOP,5,0,52,4,13,0.308,1,2,0.5,3,11,0.273,0.346,5,6,0.833,1,6,7,4,2,1,0,4,14,seabrde01,2610,597,1013,315,192
444,Jonas Valan?i?nas,C,31,NOP,23,23,613,125,224,0.558,16,44,0.364,109,180,0.606,0.594,55,67,0.821,53,150,203,52,9,30,27,73,321,valanjo01,2610,597,1013,315,192
484,Zion Williamson,PF,23,NOP,19,19,588,167,291,0.574,2,6,0.333,165,285,0.579,0.577,86,134,0.642,36,70,106,92,21,5,52,49,422,willizi01,2610,597,1013,315,192
493,Cody Zeller,C,31,NOP,19,0,184,10,33,0.303,0,1,0,10,32,0.313,0.303,13,24,0.542,22,35,57,19,4,2,6,23,33,zelleco01,2610,597,1013,315,192
14,Ryan Arcidiacono,PG,29,NYK,6,0,13,0,1,0,0,1,0,0,0,,0,0,0,,0,3,3,1,1,0,0,0,0,arcidry01,2352,493,966,277,162
29,RJ Barrett,SG,23,NYK,16,16,473,104,243,0.428,31,81,0.383,73,162,0.451,0.492,67,79,0.848,11,51,62,42,8,3,30,22,306,barrerj01,2352,493,966,277,162
63,Charlie Brown Jr.,SG,26,NYK,1,0,2,0,1,0,0,1,0,0,0,,0,0,0,,0,0,0,0,0,0,2,0,0,brownch02,2352,493,966,277,162
68,Jalen Brunson,PG,27,NYK,21,21,743,187,401,0.466,63,143,0.441,124,258,0.481,0.545,84,104,0.808,13,62,75,115,21,1,41,45,521,brunsja01,2352,493,966,277,162
111,Donte DiVincenzo,SG,27,NYK,21,3,428,64,152,0.421,46,108,0.426,18,44,0.409,0.572,13,19,0.684,15,44,59,36,18,6,22,30,187,divindo01,2352,493,966,277,162
133,Evan Fournier,SG,31,NYK,1,0,16,1,6,0.167,0,4,0,1,2,0.5,0.167,0,0,,0,1,1,1,1,0,0,2,2,fournev01,2352,493,966,277,162
163,Quentin Grimes,SG,23,NYK,19,18,431,42,113,0.372,32,91,0.352,10,22,0.455,0.513,2,3,0.667,4,20,24,23,14,0,11,34,118,grimequ01,2352,493,966,277,162
176,Josh Hart,SF,28,NYK,21,5,598,69,145,0.476,23,62,0.371,46,83,0.554,0.555,11,15,0.733,22,106,128,57,21,6,20,40,172,hartjo01,2352,493,966,277,162
177,Isaiah Hartenstein,C,25,NYK,21,0,370,45,80,0.563,1,3,0.333,44,77,0.571,0.569,21,32,0.656,54,63,117,26,18,13,17,57,112,harteis01,2352,493,966,277,162
218,DaQuan Jeffries,SG,26,NYK,7,0,19,3,8,0.375,1,4,0.25,2,4,0.5,0.438,0,2,0,0,3,3,1,0,0,1,1,7,jeffrda01,2352,493,966,277,162
283,Miles McBride,PG,23,NYK,13,0,56,9,18,0.5,5,14,0.357,4,4,1,0.639,1,2,0.5,1,2,3,3,4,0,0,7,24,mcbrimi01,2352,493,966,277,162
362,Immanuel Quickley,SG,24,NYK,21,0,508,105,246,0.427,43,118,0.364,62,128,0.484,0.514,63,70,0.9,4,56,60,58,9,2,23,33,316,quickim01,2352,493,966,277,162
364,Julius Randle,PF,29,NYK,21,21,735,157,364,0.431,36,117,0.308,121,247,0.49,0.481,99,137,0.723,44,160,204,113,15,4,70,54,449,randlju01,2352,493,966,277,162
375,Mitchell Robinson,C,25,NYK,21,21,613,58,98,0.592,0,0,,58,98,0.592,0.592,14,38,0.368,112,104,216,15,32,27,21,40,130,robinmi01,2352,493,966,277,162
405,Jericho Sims,C,25,NYK,9,0,25,2,3,0.667,0,0,,2,3,0.667,0.667,1,3,0.333,1,9,10,1,0,0,1,1,5,simsje01,2352,493,966,277,162
436,Jacob Toppin,SF,23,NYK,1,0,2,0,0,,0,0,,0,0,,,0,0,,0,0,0,0,0,1,0,0,0,toppija01,2352,493,966,277,162
486,Dylan Windler,SF,27,NYK,3,0,7,1,2,0.5,1,2,0.5,0,0,,0.75,0,0,,0,1,1,1,0,0,0,1,3,windldy01,2352,493,966,277,162
38,D?vis Bert?ns,PF,31,OKC,7,0,57,6,16,0.375,6,15,0.4,0,1,0,0.563,14,15,0.933,0,5,5,5,2,1,0,8,32,bertada01,2514,523,863,274,183
109,Ousmane Dieng,PF,20,OKC,12,0,122,13,37,0.351,7,26,0.269,6,11,0.545,0.446,3,4,0.75,6,16,22,11,1,0,4,7,36,diengou01,2514,523,863,274,183
113,Luguentz Dort,SF,24,OKC,21,21,592,70,163,0.429,33,87,0.379,37,76,0.487,0.531,43,52,0.827,27,59,86,26,18,16,21,62,216,dortlu01,2514,523,863,274,183
144,Josh Giddey,SG,21,OKC,21,21,549,104,250,0.416,16,53,0.302,88,197,0.447,0.448,21,27,0.778,31,91,122,89,18,9,52,29,245,giddejo01,2514,523,863,274,183
146,Shai Gilgeous-Alexander,PG,25,OKC,20,20,701,224,412,0.544,23,66,0.348,201,346,0.581,0.572,138,151,0.914,18,93,111,124,55,18,41,52,609,gilgesh01,2514,523,863,274,183
194,Chet Holmgren,C,21,OKC,21,21,631,127,245,0.518,33,89,0.371,94,156,0.603,0.586,72,82,0.878,36,128,164,53,19,51,41,60,359,holmgch01,2514,523,863,274,183
220,Isaiah Joe,SG,24,OKC,21,0,433,67,151,0.444,53,120,0.442,14,31,0.452,0.619,23,27,0.852,2,48,50,24,19,6,10,25,210,joeis01,2514,523,863,274,183
224,Keyontae Johnson,SF,23,OKC,1,0,6,0,1,0,0,0,,0,1,0,0,0,0,,0,0,0,0,0,0,0,0,0,johnske08,2514,523,863,274,183
272,Tre Mann,PG,22,OKC,7,0,71,14,26,0.538,5,12,0.417,9,14,0.643,0.635,1,1,1,3,12,15,12,3,0,6,1,34,manntr01,2514,523,863,274,183
295,Vasilije Mici?,PG,30,OKC,8,0,98,9,24,0.375,5,14,0.357,4,10,0.4,0.479,4,6,0.667,0,4,4,22,1,0,10,6,27,micicva01,2514,523,863,274,183
349,Aleksej Pokusevski,PF,22,OKC,6,0,34,2,9,0.222,1,6,0.167,1,3,0.333,0.278,1,2,0.5,2,5,7,5,0,1,3,5,6,pokusal01,2514,523,863,274,183
390,Olivier Sarr,C,24,OKC,5,0,54,3,6,0.5,2,3,0.667,1,3,0.333,0.667,4,6,0.667,4,16,20,1,0,5,2,10,12,sarrol01,2514,523,863,274,183
458,Cason Wallace,SG,20,OKC,21,4,465,61,102,0.598,23,44,0.523,38,58,0.655,0.711,12,15,0.8,11,38,49,26,13,9,11,34,157,wallaca01,2514,523,863,274,183
462,Lindy Waters III,SG,26,OKC,8,0,62,8,18,0.444,7,17,0.412,1,1,1,0.639,0,0,,1,5,6,5,0,1,0,4,23,waterli01,2514,523,863,274,183
471,Aaron Wiggins,SG,25,OKC,19,0,237,37,59,0.627,10,22,0.455,27,37,0.73,0.712,15,21,0.714,10,30,40,14,9,1,10,21,99,wiggiaa01,2514,523,863,274,183
475,Jalen Williams,PF,22,OKC,18,18,596,121,234,0.517,19,52,0.365,102,182,0.56,0.558,62,71,0.873,5,71,76,67,16,6,33,54,323,willija06,2514,523,863,274,183
476,Jaylin Williams,C,21,OKC,16,0,206,22,62,0.355,12,37,0.324,10,25,0.4,0.452,9,10,0.9,9,46,55,22,5,2,7,27,65,willija07,2514,523,863,274,183
478,Kenrich Williams,PF,29,OKC,11,0,174,24,46,0.522,10,22,0.455,14,24,0.583,0.63,3,10,0.3,8,23,31,17,4,2,3,22,61,willike04,2514,523,863,274,183
12,Cole Anthony,PG,23,ORL,22,0,571,112,248,0.452,31,85,0.365,81,163,0.497,0.514,84,99,0.848,24,78,102,79,16,12,44,67,339,anthoco01,2519,561,958,335,190
23,Paolo Banchero,PF,21,ORL,22,22,736,166,336,0.494,28,69,0.406,138,267,0.517,0.536,96,140,0.686,28,119,147,100,23,13,65,52,456,banchpa01,2519,561,958,335,190
41,Goga Bitadze,C,24,ORL,20,17,412,54,94,0.574,1,5,0.2,53,89,0.596,0.58,30,42,0.714,42,77,119,37,14,31,14,48,139,bitadgo01,2519,561,958,335,190
44,Anthony Black,PG,20,ORL,20,16,384,39,77,0.506,7,25,0.28,32,52,0.615,0.552,16,25,0.64,11,35,46,30,5,7,20,41,101,blackan01,2519,561,958,335,190
80,Wendell Carter Jr.,C,24,ORL,5,5,147,17,45,0.378,5,16,0.313,12,29,0.414,0.433,8,14,0.571,11,32,43,8,3,2,8,14,47,cartewe01,2519,561,958,335,190
136,Markelle Fultz,PG,25,ORL,5,5,143,27,56,0.482,0,3,0,27,53,0.509,0.482,3,4,0.75,8,9,17,20,6,2,6,6,57,fultzma01,2519,561,958,335,190
172,Gary Harris,SG,29,ORL,17,3,367,46,103,0.447,26,72,0.361,20,31,0.645,0.573,19,24,0.792,9,24,33,31,16,4,9,25,137,harriga01,2519,561,958,335,190
199,Caleb Houstan,SF,21,ORL,14,0,132,13,29,0.448,12,27,0.444,1,2,0.5,0.655,4,4,1,3,17,20,6,2,0,3,11,42,houstca01,2519,561,958,335,190
200,Jett Howard,SF,20,ORL,6,0,28,3,12,0.25,1,9,0.111,2,3,0.667,0.292,1,2,0.5,1,2,3,3,0,0,2,1,8,howarje01,2519,561,958,335,190
205,Joe Ingles,SF,36,ORL,22,0,411,36,88,0.409,22,55,0.4,14,33,0.424,0.534,11,13,0.846,9,51,60,77,18,2,19,35,105,inglejo01,2519,561,958,335,190
208,Jonathan Isaac,PF,26,ORL,15,0,201,32,73,0.438,8,35,0.229,24,38,0.632,0.493,23,29,0.793,18,49,67,5,13,19,10,21,95,isaacjo01,2519,561,958,335,190
332,Chuma Okeke,SF,25,ORL,10,0,50,5,14,0.357,3,10,0.3,2,4,0.5,0.464,0,0,,3,8,11,3,1,0,3,0,13,okekech01,2519,561,958,335,190
392,Admiral Schofield,PF,26,ORL,6,0,22,3,9,0.333,1,6,0.167,2,3,0.667,0.389,0,2,0,0,3,3,1,0,0,3,5,7,schofad01,2519,561,958,335,190
420,Jalen Suggs,SG,22,ORL,20,20,520,84,187,0.449,31,85,0.365,53,102,0.52,0.532,44,54,0.815,13,56,69,53,38,12,41,57,243,suggsja01,2519,561,958,335,190
452,Franz Wagner,SF,22,ORL,22,22,729,168,364,0.462,35,110,0.318,133,254,0.524,0.51,84,100,0.84,26,97,123,82,24,8,37,44,455,wagnefr01,2519,561,958,335,190
453,Moritz Wagner,C,26,ORL,22,0,427,107,169,0.633,13,36,0.361,94,133,0.707,0.672,48,61,0.787,33,62,95,26,11,9,33,52,275,wagnemo01,2519,561,958,335,190
22,Mo Bamba,C,25,PHI,10,0,62,13,25,0.52,3,7,0.429,10,18,0.556,0.58,6,8,0.75,13,11,24,1,1,7,7,8,35,bambamo01,2538,535,948,280,178
33,Nicolas Batum,PF,35,PHI,12,9,315,29,48,0.604,21,38,0.553,8,10,0.8,0.823,7,11,0.636,15,36,51,25,6,7,6,25,86,batumni01,2538,535,948,280,178
39,Patrick Beverley,PG,35,PHI,21,1,384,36,85,0.424,12,44,0.273,24,41,0.585,0.494,12,17,0.706,19,47,66,53,11,6,16,39,96,beverpa01,2538,535,948,280,178
96,Robert Covington,SF,33,PHI,17,3,291,31,68,0.456,15,38,0.395,16,30,0.533,0.566,17,19,0.895,24,38,62,11,23,13,7,32,94,covinro01,2538,535,948,280,178
124,Joel Embiid,C,29,PHI,18,18,626,196,384,0.51,19,59,0.322,177,325,0.545,0.535,189,216,0.875,62,145,207,116,18,35,67,51,600,embiijo01,2538,535,948,280,178
157,Danny Green,SG,36,PHI,2,0,18,0,2,0,0,1,0,0,1,0,0,0,0,,0,2,2,1,1,0,0,1,0,greenda02,2538,535,948,280,178
174,Tobias Harris,PF,31,PHI,21,21,737,138,270,0.511,20,64,0.313,118,206,0.573,0.548,65,73,0.89,21,108,129,54,21,6,39,36,361,harrito02,2538,535,948,280,178
198,Danuel House Jr.,SF,30,PHI,10,0,127,13,31,0.419,4,16,0.25,9,15,0.6,0.484,8,10,0.8,4,10,14,8,5,1,9,10,38,houseda01,2538,535,948,280,178
242,Furkan Korkmaz,SG,26,PHI,14,0,103,11,30,0.367,4,15,0.267,7,15,0.467,0.433,5,7,0.714,1,7,8,6,9,0,6,7,31,korkmfu01,2538,535,948,280,178
277,KJ Martin,SF,23,PHI,9,0,54,4,12,0.333,0,1,0,4,11,0.364,0.333,2,4,0.5,2,7,9,3,3,0,3,11,10,martike04,2538,535,948,280,178
281,Tyrese Maxey,PG,23,PHI,20,20,768,187,402,0.465,65,163,0.399,122,239,0.51,0.546,103,115,0.896,12,74,86,134,17,13,28,39,542,maxeyty01,2538,535,948,280,178
292,De'Anthony Melton,SG,25,PHI,21,21,636,90,222,0.405,50,127,0.394,40,95,0.421,0.518,48,60,0.8,16,71,87,79,28,10,29,52,278,meltode01,2538,535,948,280,178
312,Marcus Morris,PF,34,PHI,14,3,176,25,56,0.446,12,25,0.48,13,31,0.419,0.554,5,5,1,6,25,31,7,4,6,5,22,67,morrima03,2538,535,948,280,178
339,Kelly Oubre Jr.,SF,28,PHI,10,5,275,56,111,0.505,16,44,0.364,40,67,0.597,0.577,25,33,0.758,14,33,47,7,13,4,8,21,153,oubreke01,2538,535,948,280,178
343,Filip Petrušev,C,23,PHI,1,0,3,0,0,,0,0,,0,0,,,0,0,,0,1,1,0,0,0,0,0,0,petrufi01,2538,535,948,280,178
368,Paul Reed,C,24,PHI,21,1,296,48,82,0.585,4,10,0.4,44,72,0.611,0.61,6,8,0.75,36,52,88,20,10,12,19,44,106,reedpa01,2538,535,948,280,178
415,Jaden Springer,SG,21,PHI,11,0,127,13,37,0.351,3,12,0.25,10,25,0.4,0.392,6,8,0.75,12,10,22,10,5,6,12,18,35,sprinja01,2538,535,948,280,178
440,P.J. Tucker,PF,38,PHI,3,3,66,2,5,0.4,2,5,0.4,0,0,,0.6,0,0,,1,13,14,0,3,2,2,9,6,tuckepj01,2538,535,948,280,178
6,Grayson Allen,SG,28,PHO,19,19,629,78,162,0.481,44,94,0.468,34,68,0.5,0.617,34,38,0.895,14,72,86,55,13,8,28,44,234,allengr01,2532,571,966,332,155
17,Udoka Azubuike,C,24,PHO,2,0,9,1,1,1,0,0,,1,1,1,1,0,0,,0,4,4,0,0,0,0,1,2,azubuud01,2532,571,966,332,155
32,Keita Bates-Diop,SF,28,PHO,19,8,356,38,93,0.409,10,36,0.278,28,57,0.491,0.462,23,32,0.719,20,43,63,18,12,15,4,19,109,bateske01,2532,571,966,332,155
34,Bradley Beal,SG,30,PHO,3,3,86,18,46,0.391,5,15,0.333,13,31,0.419,0.446,11,16,0.688,3,13,16,11,2,1,9,9,52,bealbr01,2532,571,966,332,155
48,Bol Bol,PF,24,PHO,4,0,8,1,1,1,0,0,,1,1,1,1,0,0,,0,1,1,0,0,1,2,0,2,bolbo01,2532,571,966,332,155
50,Devin Booker,SG,27,PHO,13,13,450,116,242,0.479,26,61,0.426,90,181,0.497,0.533,98,107,0.916,13,69,82,105,10,6,42,41,356,bookede01,2532,571,966,332,155
118,Kevin Durant,PF,35,PHO,19,19,697,202,388,0.521,44,88,0.5,158,300,0.527,0.577,141,158,0.892,5,118,123,108,14,23,69,37,589,duranke01,2532,571,966,332,155
125,Drew Eubanks,C,26,PHO,21,0,374,57,97,0.588,2,2,1,55,95,0.579,0.598,25,30,0.833,31,63,94,29,4,21,24,45,141,eubandr01,2532,571,966,332,155
151,Jordan Goodwin,PG,25,PHO,22,0,376,52,130,0.4,21,60,0.35,31,70,0.443,0.481,15,18,0.833,26,60,86,48,15,6,18,27,140,goodwjo01,2532,571,966,332,155
153,Eric Gordon,SG,35,PHO,20,16,641,111,235,0.472,56,137,0.409,55,98,0.561,0.591,13,16,0.813,7,35,42,60,22,12,32,31,291,gordoer01,2532,571,966,332,155
250,Saben Lee,PG,24,PHO,4,0,11,4,7,0.571,0,1,0,4,6,0.667,0.571,2,2,1,2,1,3,3,0,1,0,1,10,leesa01,2532,571,966,332,155
258,Nassir Little,PF,23,PHO,16,0,229,29,60,0.483,11,33,0.333,18,27,0.667,0.575,14,16,0.875,8,26,34,11,9,8,6,19,83,littlna01,2532,571,966,332,155
294,Chimezie Metu,C,26,PHO,12,0,101,15,31,0.484,3,13,0.231,12,18,0.667,0.532,5,6,0.833,2,17,19,5,3,5,3,14,38,metuch01,2532,571,966,332,155
329,Jusuf Nurki?,C,29,PHO,22,22,616,96,206,0.466,15,54,0.278,81,152,0.533,0.502,53,76,0.697,59,141,200,84,23,27,46,80,260,nurkiju01,2532,571,966,332,155
333,Josh Okogie,SG,25,PHO,22,10,480,42,104,0.404,11,47,0.234,31,57,0.544,0.457,45,58,0.776,37,39,76,25,22,11,19,30,140,okogijo01,2532,571,966,332,155
461,Yuta Watanabe,SF,29,PHO,16,0,293,27,74,0.365,22,60,0.367,5,14,0.357,0.514,9,13,0.692,9,28,37,9,6,6,13,25,85,watanyu01,2532,571,966,332,155
16,Deandre Ayton,C,25,POR,18,18,575,108,184,0.587,0,0,,108,184,0.587,0.587,17,21,0.81,56,138,194,28,22,13,35,46,233,aytonde01,2216,459,860,336,188
53,Jamaree Bouyea,PG,24,POR,6,0,57,5,21,0.238,0,8,0,5,13,0.385,0.238,0,0,,2,8,10,8,0,0,8,3,10,bouyeja01,2216,459,860,336,188
59,Malcolm Brogdon,PG,31,POR,15,10,422,91,221,0.412,30,79,0.38,61,142,0.43,0.48,43,54,0.796,15,45,60,91,13,3,27,19,255,brogdma01,2216,459,860,336,188
66,Moses Brown,C,24,POR,3,0,14,3,5,0.6,0,0,,3,5,0.6,0.6,0,2,0,4,1,5,1,1,1,0,1,6,brownmo01,2216,459,860,336,188
77,Toumani Camara,PF,23,POR,21,12,532,52,139,0.374,16,64,0.25,36,75,0.48,0.432,20,27,0.741,44,55,99,22,19,12,23,59,140,camarto01,2216,459,860,336,188
155,Jerami Grant,PF,29,POR,19,19,664,139,318,0.437,49,119,0.412,90,199,0.452,0.514,93,112,0.83,13,60,73,42,16,17,47,42,420,grantje01,2216,459,860,336,188
183,Scoot Henderson,PG,19,POR,12,5,307,43,128,0.336,9,50,0.18,34,78,0.436,0.371,16,24,0.667,11,21,32,49,6,1,39,50,111,hendesc01,2216,459,860,336,188
282,Skylar Mays,PG,26,POR,14,5,273,43,106,0.406,12,41,0.293,31,65,0.477,0.462,11,13,0.846,4,20,24,63,11,2,15,19,109,mayssk01,2216,459,860,336,188
303,Justin Minaya,SF,24,POR,6,0,38,2,6,0.333,2,4,0.5,0,2,0,0.5,1,2,0.5,4,1,5,0,0,1,1,2,7,minayju01,2216,459,860,336,188
318,Kris Murray,SF,23,POR,12,0,128,10,30,0.333,6,19,0.316,4,11,0.364,0.433,3,5,0.6,5,13,18,4,8,1,1,10,29,murrakr01,2216,459,860,336,188
365,Duop Reath,C,27,POR,13,3,196,33,80,0.413,18,53,0.34,15,27,0.556,0.525,14,16,0.875,10,22,32,15,8,4,9,26,98,reathdu01,2216,459,860,336,188
382,Rayan Rupert,SG,19,POR,7,0,31,1,12,0.083,1,6,0.167,0,6,0,0.125,2,4,0.5,1,0,1,2,2,0,2,1,5,ruperra01,2216,459,860,336,188
400,Shaedon Sharpe,SG,20,POR,21,20,776,134,316,0.424,46,128,0.359,88,188,0.468,0.497,72,87,0.828,31,90,121,74,22,8,61,63,386,sharpsh01,2216,459,860,336,188
404,Anfernee Simons,SG,24,POR,3,3,101,26,62,0.419,12,29,0.414,14,33,0.424,0.516,12,12,1,4,4,8,16,3,0,7,9,76,simonan01,2216,459,860,336,188
434,Matisse Thybulle,SF,26,POR,21,10,498,48,102,0.471,33,80,0.413,15,22,0.682,0.632,6,8,0.75,9,31,40,24,33,17,17,23,135,thybuma01,2216,459,860,336,188
454,Ish Wainright,SF,29,POR,2,0,5,0,1,0,0,1,0,0,0,,0,0,0,,0,0,0,0,1,0,0,1,0,wainris01,2216,459,860,336,188
455,Jabari Walker,SF,21,POR,21,0,379,59,132,0.447,11,43,0.256,48,89,0.539,0.489,26,34,0.765,31,69,100,15,16,9,20,50,155,walkeja01,2216,459,860,336,188
481,Robert Williams,C,26,POR,6,0,119,17,26,0.654,0,0,,17,26,0.654,0.654,7,9,0.778,11,27,38,5,7,7,7,17,41,williro04,2216,459,860,336,188
27,Harrison Barnes,PF,31,SAC,20,20,632,79,170,0.465,35,94,0.372,44,76,0.579,0.568,41,50,0.82,19,51,70,30,16,3,16,21,234,barneha02,2328,545,880,273,148
116,Chris Duarte,SF,26,SAC,18,5,257,28,71,0.394,14,42,0.333,14,29,0.483,0.493,10,14,0.714,4,30,34,16,12,1,11,47,80,duartch01,2328,545,880,273,148
122,Kessler Edwards,SF,23,SAC,15,0,91,6,21,0.286,4,14,0.286,2,7,0.286,0.381,1,2,0.5,3,12,15,5,2,2,1,9,17,edwarke02,2328,545,880,273,148
123,Keon Ellis,SG,24,SAC,13,2,148,16,37,0.432,9,29,0.31,7,8,0.875,0.554,8,13,0.615,4,14,18,10,7,4,8,15,49,elliske01,2328,545,880,273,148
131,Jordan Ford,PG,25,SAC,5,0,14,2,5,0.4,1,2,0.5,1,3,0.333,0.5,2,2,1,0,1,1,1,0,0,0,0,7,fordjo01,2328,545,880,273,148
134,De'Aaron Fox,PG,26,SAC,15,15,547,161,337,0.478,45,122,0.369,116,215,0.54,0.545,91,124,0.734,16,54,70,97,23,5,34,40,458,foxde01,2328,545,880,273,148
201,Kevin Huerter,SG,25,SAC,19,19,519,87,196,0.444,46,124,0.371,41,72,0.569,0.561,14,17,0.824,13,75,88,55,15,6,16,44,234,huertke01,2328,545,880,273,148
226,Colby Jones,SG,21,SAC,9,0,70,13,28,0.464,1,8,0.125,12,20,0.6,0.482,2,3,0.667,6,8,14,2,2,1,4,9,29,jonesco02,2328,545,880,273,148
251,Alex Len,C,30,SAC,6,0,41,6,8,0.75,0,1,0,6,7,0.857,0.75,3,7,0.429,7,9,16,5,1,5,2,2,15,lenal01,2328,545,880,273,148
268,Trey Lyles,PF,28,SAC,7,0,136,16,43,0.372,8,30,0.267,8,13,0.615,0.465,11,17,0.647,8,29,37,11,0,1,7,16,51,lylestr01,2328,545,880,273,148
289,JaVale McGee,C,36,SAC,18,0,167,40,59,0.678,0,1,0,40,58,0.69,0.678,11,19,0.579,23,40,63,7,5,11,17,21,91,mcgeeja01,2328,545,880,273,148
305,Davion Mitchell,PG,25,SAC,15,3,238,25,69,0.362,12,41,0.293,13,28,0.464,0.449,9,9,1,1,16,17,37,5,2,13,23,71,mitchda01,2328,545,880,273,148
309,Malik Monk,SG,25,SAC,20,0,501,94,219,0.429,53,125,0.424,41,94,0.436,0.55,53,59,0.898,11,46,57,93,15,9,45,33,294,monkma01,2328,545,880,273,148
317,Keegan Murray,SF,23,SAC,16,16,514,78,198,0.394,34,114,0.298,44,84,0.524,0.48,17,20,0.85,26,67,93,28,19,8,19,42,207,murrake02,2328,545,880,273,148
343,Filip Petrušev,C,23,SAC,2,0,7,1,2,0.5,0,0,,1,2,0.5,0.5,1,2,0.5,0,0,0,0,0,0,0,1,3,petrufi01,2328,545,880,273,148
385,Domantas Sabonis,C,27,SAC,20,20,706,142,247,0.575,10,25,0.4,132,222,0.595,0.595,82,120,0.683,69,174,243,140,17,16,60,71,376,sabondo01,2328,545,880,273,148
406,Jalen Slawson,SF,24,SAC,4,0,17,2,3,0.667,0,1,0,2,2,1,0.667,0,0,,0,4,4,2,0,1,1,1,4,slawsja01,2328,545,880,273,148
448,Sasha Vezenkov,PF,28,SAC,17,0,245,40,90,0.444,22,57,0.386,18,33,0.545,0.567,6,8,0.75,10,30,40,6,9,5,6,21,108,vezenal01,2328,545,880,273,148
26,Dominick Barlow,PF,20,SAS,7,0,35,3,7,0.429,0,0,,3,7,0.429,0.429,2,4,0.5,0,5,5,0,1,0,0,2,8,barlodo01,2325,613,897,340,144
30,Charles Bassey,C,23,SAS,19,0,205,29,40,0.725,0,1,0,29,39,0.744,0.725,5,6,0.833,23,53,76,21,8,17,15,31,63,bassech01,2325,613,897,340,144
54,Malaki Branham,SG,20,SAS,21,9,426,68,163,0.417,20,67,0.299,48,96,0.5,0.479,10,11,0.909,6,22,28,43,8,3,22,29,166,branhma01,2325,613,897,340,144
84,Julian Champagnie,SF,22,SAS,14,5,204,27,74,0.365,20,53,0.377,7,21,0.333,0.5,8,11,0.727,5,20,25,13,6,10,13,14,82,champju02,2325,613,897,340,144
86,Sidy Cissoko,SF,19,SAS,1,0,4,0,0,,0,0,,0,0,,,0,0,,0,0,0,0,0,0,1,0,0,cissosi01,2325,613,897,340,144
92,Zach Collins,C,26,SAS,21,20,605,108,224,0.482,23,85,0.271,85,139,0.612,0.533,48,60,0.8,44,87,131,82,15,14,57,71,287,colliza01,2325,613,897,340,144
154,Devonte' Graham,PG,28,SAS,3,0,36,2,7,0.286,0,4,0,2,3,0.667,0.286,4,5,0.8,1,1,2,11,2,1,2,2,8,grahade01,2325,613,897,340,144
223,Keldon Johnson,SF,24,SAS,20,20,657,126,263,0.479,42,111,0.378,84,152,0.553,0.559,45,61,0.738,22,107,129,82,16,7,27,52,339,johnske04,2325,613,897,340,144
230,Tre Jones,PG,24,SAS,18,0,437,56,128,0.438,12,40,0.3,44,88,0.5,0.484,24,27,0.889,10,44,54,95,14,4,25,24,148,jonestr01,2325,613,897,340,144
270,Sandro Mamukelashvili,C,24,SAS,7,0,55,6,15,0.4,2,7,0.286,4,8,0.5,0.467,5,6,0.833,6,7,13,8,2,1,3,8,19,mamuksa01,2325,613,897,340,144
288,Doug McDermott,SF,32,SAS,19,0,320,44,93,0.473,34,71,0.479,10,22,0.455,0.656,6,8,0.75,3,20,23,34,6,2,13,25,128,mcderdo01,2325,613,897,340,144
338,Cedi Osman,SF,28,SAS,21,1,411,64,141,0.454,30,80,0.375,34,61,0.557,0.56,11,16,0.688,11,37,48,35,10,5,13,36,169,osmande01,2325,613,897,340,144
414,Jeremy Sochan,PG,20,SAS,21,20,607,90,206,0.437,18,46,0.391,72,160,0.45,0.481,34,43,0.791,29,78,107,88,14,6,52,60,232,sochaje01,2325,613,897,340,144
447,Devin Vassell,SG,23,SAS,16,10,459,105,217,0.484,43,110,0.391,62,107,0.579,0.583,36,46,0.783,6,44,50,45,16,2,24,18,289,vassede01,2325,613,897,340,144
465,Victor Wembanyama,PF,20,SAS,20,20,605,141,328,0.43,26,102,0.255,115,226,0.509,0.47,72,88,0.818,48,156,204,51,26,54,66,49,380,wembavi01,2325,613,897,340,144
466,Blake Wesley,SG,20,SAS,5,0,24,3,8,0.375,0,1,0,3,7,0.429,0.375,1,2,0.5,1,1,2,5,0,1,1,3,7,weslebl01,2325,613,897,340,144
1,Precious Achiuwa,C,24,TOR,16,0,289,52,112,0.464,10,30,0.333,42,82,0.512,0.509,14,25,0.56,36,63,99,31,9,6,23,29,128,achiupr01,2443,623,1009,315,170
13,OG Anunoby,SF,26,TOR,18,18,585,99,215,0.46,45,116,0.388,54,99,0.545,0.565,24,36,0.667,18,59,77,44,20,13,30,43,267,anunoog01,2443,623,1009,315,170
28,Scottie Barnes,SG,22,TOR,22,22,766,163,348,0.468,44,115,0.383,119,233,0.511,0.532,65,87,0.747,60,142,202,124,38,28,54,45,435,barnesc01,2443,623,1009,315,170
51,Chris Boucher,PF,31,TOR,20,0,292,44,97,0.454,14,37,0.378,30,60,0.5,0.526,32,39,0.821,25,53,78,8,7,10,9,36,134,bouchch01,2443,623,1009,315,170
108,Gradey Dick,SG,20,TOR,15,1,220,17,63,0.27,10,41,0.244,7,22,0.318,0.349,14,14,1,7,15,22,15,4,0,12,23,58,dickgr01,2443,623,1009,315,170
129,Malachi Flynn,PG,25,TOR,22,0,355,42,100,0.42,19,58,0.328,23,42,0.548,0.515,14,18,0.778,9,33,42,48,15,4,20,29,117,flynnma01,2443,623,1009,315,170
171,Ron Harper Jr.,PF,23,TOR,1,0,4,0,0,,0,0,,0,0,,,0,0,,0,0,0,1,0,0,0,2,0,harpero02,2443,623,1009,315,170
287,Jalen McDaniels,SF,26,TOR,15,0,138,13,46,0.283,4,22,0.182,9,24,0.375,0.326,2,2,1,4,14,18,9,5,3,6,13,32,mcdanja01,2443,623,1009,315,170
328,Markquis Nowell,SG,24,TOR,1,0,4,0,1,0,0,0,,0,1,0,0,2,2,1,2,0,2,2,1,0,0,0,2,nowelma01,2443,623,1009,315,170
348,Jakob Poeltl,C,28,TOR,22,22,587,110,150,0.733,0,0,,110,150,0.733,0.733,17,37,0.459,61,123,184,48,17,25,34,59,237,poeltja01,2443,623,1009,315,170
353,Otto Porter Jr.,SF,30,TOR,11,1,130,10,26,0.385,7,19,0.368,3,7,0.429,0.519,1,1,1,6,18,24,3,4,4,2,12,28,porteot01,2443,623,1009,315,170
393,Dennis Schröder,PG,30,TOR,22,22,696,120,288,0.417,37,111,0.333,83,177,0.469,0.481,56,65,0.862,12,54,66,150,19,2,40,48,333,schrode01,2443,623,1009,315,170
402,Pascal Siakam,PF,29,TOR,22,22,755,174,351,0.496,17,83,0.205,157,268,0.586,0.52,90,117,0.769,35,117,152,109,16,5,56,49,455,siakapa01,2443,623,1009,315,170
425,Garrett Temple,SG,37,TOR,5,0,16,4,5,0.8,1,1,1,3,4,0.75,0.9,2,2,1,0,2,2,2,1,0,0,0,11,templga01,2443,623,1009,315,170
439,Gary Trent Jr.,SG,25,TOR,19,2,484,74,191,0.387,35,98,0.357,39,93,0.419,0.479,19,32,0.594,4,34,38,26,14,2,12,21,202,trentga02,2443,623,1009,315,170
490,Thaddeus Young,PF,35,TOR,3,0,10,2,4,0.5,0,0,,2,4,0.5,0.5,0,2,0,1,2,3,3,0,0,1,0,4,youngth01,2443,623,1009,315,170
3,Ochai Agbaji,SG,23,UTA,22,9,449,53,114,0.465,29,71,0.408,24,43,0.558,0.592,6,8,0.75,18,37,55,22,14,12,16,32,141,agbajoc01,2441,577,1029,389,145
87,Jordan Clarkson,SG,31,UTA,18,18,564,112,275,0.407,31,101,0.307,81,174,0.466,0.464,53,64,0.828,22,38,60,89,15,2,55,26,308,clarkjo01,2441,577,1029,389,145
91,John Collins,PF,26,UTA,22,22,683,121,251,0.482,31,81,0.383,90,170,0.529,0.544,45,60,0.75,59,130,189,20,14,21,31,62,318,collijo01,2441,577,1029,389,145
117,Kris Dunn,PG,29,UTA,14,1,152,22,52,0.423,5,13,0.385,17,39,0.436,0.471,6,10,0.6,5,22,27,27,7,1,15,19,55,dunnkr01,2441,577,1029,389,145
130,Simone Fontecchio,SF,28,UTA,20,7,375,52,122,0.426,32,85,0.376,20,37,0.541,0.557,9,12,0.75,14,35,49,24,7,8,21,30,145,fontesi01,2441,577,1029,389,145
142,Keyonte George,PG,20,UTA,22,14,581,73,212,0.344,34,112,0.304,39,100,0.39,0.425,52,68,0.765,12,57,69,113,11,3,50,25,232,georgke01,2441,577,1029,389,145
184,Taylor Hendricks,PF,20,UTA,4,0,56,6,16,0.375,3,10,0.3,3,6,0.5,0.469,1,2,0.5,2,3,5,0,3,3,3,4,16,hendrita01,2441,577,1029,389,145
197,Talen Horton-Tucker,PG,23,UTA,22,8,484,79,203,0.389,28,85,0.329,51,118,0.432,0.458,25,30,0.833,10,51,61,95,20,10,41,47,211,hortota01,2441,577,1029,389,145
236,Walker Kessler,C,22,UTA,15,9,377,60,109,0.55,2,11,0.182,58,98,0.592,0.56,11,19,0.579,49,74,123,12,6,36,19,34,133,kesslwa01,2441,577,1029,389,145
274,Lauri Markkanen,PF,26,UTA,15,15,512,122,252,0.484,49,128,0.383,73,124,0.589,0.581,63,75,0.84,36,94,130,16,17,13,20,34,356,markkla01,2441,577,1029,389,145
336,Kelly Olynyk,C,32,UTA,20,1,418,54,91,0.593,17,35,0.486,37,56,0.661,0.687,33,37,0.892,36,73,109,73,17,4,37,58,158,olynyke01,2441,577,1029,389,145
386,Luka Šamani?,PF,24,UTA,10,0,62,10,29,0.345,3,13,0.231,7,16,0.438,0.397,1,1,1,3,14,17,2,1,2,4,5,24,samanlu01,2441,577,1029,389,145
396,Brice Sensabaugh,SF,20,UTA,1,0,2,0,2,0,0,0,,0,2,0,0,0,0,,1,1,2,0,0,0,0,0,0,sensabr01,2441,577,1029,389,145
397,Collin Sexton,SG,25,UTA,22,0,450,90,204,0.441,24,73,0.329,66,131,0.504,0.5,67,76,0.882,18,40,58,72,10,4,44,37,271,sextoco01,2441,577,1029,389,145
492,Omer Yurtseven,C,25,UTA,15,6,191,32,58,0.552,3,13,0.231,29,45,0.644,0.578,6,8,0.75,24,51,75,12,3,7,14,25,73,yurtsom01,2441,577,1029,389,145
15,Deni Avdija,SF,23,WAS,21,21,564,102,194,0.526,21,60,0.35,81,134,0.604,0.58,31,38,0.816,25,90,115,82,18,8,29,47,256,avdijde01,2442,585,815,286,165
20,Patrick Baldwin Jr.,SF,21,WAS,4,0,15,0,5,0,0,1,0,0,4,0,0,0,0,,2,3,5,1,0,1,0,1,0,baldwpa01,2442,585,815,286,165
37,Jules Bernard,SG,24,WAS,1,0,4,0,1,0,0,1,0,0,0,,0,0,0,,0,0,0,1,0,0,0,0,0,bernaju01,2442,585,815,286,165
73,Jared Butler,SG,23,WAS,9,0,63,8,22,0.364,3,12,0.25,5,10,0.5,0.432,6,7,0.857,0,7,7,13,4,1,7,11,25,butleja02,2442,585,815,286,165
95,Bilal Coulibaly,SF,19,WAS,20,1,527,66,124,0.532,22,53,0.415,44,71,0.62,0.621,19,29,0.655,12,67,79,34,22,13,30,37,173,coulibi01,2442,585,815,286,165
104,Johnny Davis,SG,21,WAS,14,0,128,19,40,0.475,1,3,0.333,18,37,0.486,0.488,4,5,0.8,8,11,19,5,7,1,5,10,43,davisjo06,2442,585,815,286,165
137,Daniel Gafford,C,25,WAS,19,19,471,80,116,0.69,0,0,,80,116,0.69,0.69,28,43,0.651,49,88,137,33,12,39,21,65,188,gaffoda01,2442,585,815,286,165
138,Danilo Gallinari,PF,35,WAS,19,0,303,50,111,0.45,16,52,0.308,34,59,0.576,0.523,31,38,0.816,10,52,62,28,5,3,8,22,147,gallida01,2442,585,815,286,165
147,Anthony Gill,PF,31,WAS,12,0,72,11,24,0.458,0,4,0,11,20,0.55,0.458,10,12,0.833,7,9,16,5,3,3,7,6,32,gillan01,2442,585,815,286,165
231,Tyus Jones,PG,27,WAS,21,21,568,102,200,0.51,23,65,0.354,79,135,0.585,0.568,13,17,0.765,6,52,58,104,20,5,14,18,240,jonesty01,2442,585,815,286,165
238,Corey Kispert,SF,24,WAS,20,1,457,74,166,0.446,40,106,0.377,34,60,0.567,0.566,31,39,0.795,9,42,51,32,9,1,18,35,219,kispeco01,2442,585,815,286,165
245,Kyle Kuzma,PF,28,WAS,21,21,658,189,400,0.473,47,132,0.356,142,268,0.53,0.531,56,69,0.812,19,102,121,97,6,13,51,43,481,kuzmaky01,2442,585,815,286,165
319,Mike Muscala,C,32,WAS,9,1,103,12,25,0.48,5,14,0.357,7,11,0.636,0.58,6,6,1,2,17,19,8,2,3,8,8,35,muscami01,2442,585,815,286,165
337,Eugene Omoruyi,SF,26,WAS,12,0,79,24,38,0.632,5,12,0.417,19,26,0.731,0.697,13,17,0.765,9,13,22,8,5,1,7,11,66,omorueu01,2442,585,815,286,165
350,Jordan Poole,SG,24,WAS,20,20,584,121,299,0.405,37,126,0.294,84,173,0.486,0.467,61,71,0.859,9,44,53,67,22,7,57,64,340,poolejo01,2442,585,815,286,165
379,Ryan Rollins,PG,21,WAS,8,0,49,9,18,0.5,1,2,0.5,8,16,0.5,0.528,13,16,0.813,2,8,10,10,8,2,7,6,32,rolliry01,2442,585,815,286,165
398,Landry Shamet,SG,26,WAS,15,0,253,48,101,0.475,24,60,0.4,24,41,0.585,0.594,5,11,0.455,2,19,21,22,9,2,9,31,125,shamela01,2442,585,815,286,165
489,Delon Wright,PG,31,WAS,8,0,141,11,30,0.367,4,11,0.364,7,19,0.368,0.433,14,16,0.875,3,17,20,35,13,1,4,6,40,wrighde01,2442,585,815,286,165
